ticker,sector,category,days_seen,dp_days,dp_coverage,pcr_days,opt_coverage,avg_dp_pct,dp_pct_cv,avg_block_count,avg_pcr,avg_combined_score
AA,Basic Materials,C,22,1,0.05,22,1.00,1.86,0.00,0.0,0.504,79.5
AAL,Industrials,C,1,0,0.00,1,1.00,0.00,0.00,0.0,1.089,79.5
AAOI,Technology,C,20,9,0.45,20,1.00,0.29,0.87,0.0,0.588,84.2
AAON,Industrials,C,3,1,0.33,3,1.00,3.59,0.00,0.0,1.085,72.8
AAP,Consumer Cyclical,C,9,0,0.00,9,1.00,0.00,0.00,0.0,0.457,83.9
AAPL,Technology,C,16,3,0.19,5,0.31,0.08,0.50,0.0,0.641,80.9
ABBV,Healthcare,C,9,0,0.00,9,1.00,0.00,0.00,0.0,0.485,78.4
ABCB,Financial Services,C,1,0,0.00,1,1.00,0.00,0.00,0.0,3.722,74.0
ABNB,Consumer Cyclical,C,11,0,0.00,11,1.00,0.00,0.00,0.0,1.064,81.9
ABVX,Healthcare,C,7,0,0.00,7,1.00,0.00,0.00,0.0,0.367,76.8
ACA,Industrials,C,2,0,0.00,2,1.00,0.00,0.00,0.0,0.244,74.5
ACAD,Healthcare,C,2,0,0.00,2,1.00,0.00,0.00,0.0,0.362,75.5
ACGL,Financial Services,C,13,0,0.00,13,1.00,0.00,0.00,0.0,1.037,75.5
ACHC,Healthcare,C,7,0,0.00,7,1.00,0.00,0.00,0.0,0.659,82.2
ACLS,Technology,C,8,0,0.00,8,1.00,0.00,0.00,0.0,0.299,75.1
ACLX,Healthcare,C,7,0,0.00,7,1.00,0.00,0.00,0.0,1.322,73.4
ACMR,Technology,C,7,0,0.00,7,1.00,0.00,0.00,0.0,0.264,77.7
ACT,Financial Services,C,1,0,0.00,1,1.00,0.00,0.00,0.0,0.000,80.5
ADC,Real Estate,C,17,0,0.00,17,1.00,0.00,0.00,0.0,0.180,79.3
ADEA,Technology,C,19,0,0.00,19,1.00,0.00,0.00,0.0,3.303,83.6
ADI,Technology,C,18,1,0.06,18,1.00,0.23,0.00,0.0,0.720,76.4
ADM,Consumer Defensive,C,14,0,0.00,14,1.00,0.00,0.00,0.0,0.312,81.6
ADPT,Healthcare,C,1,0,0.00,1,1.00,0.00,0.00,0.0,0.426,74.5
AEE,Utilities,C,19,0,0.00,19,1.00,0.00,0.00,0.0,0.068,82.2
AEIS,Industrials,C,8,0,0.00,8,1.00,0.00,0.00,0.0,2.667,84.9
AEM,Basic Materials,C,22,4,0.18,22,1.00,0.85,1.01,0.0,0.407,83.2
AEO,Consumer Cyclical,C,3,0,0.00,3,1.00,0.00,0.00,0.0,0.618,72.2
AEP,Utilities,C,23,0,0.00,23,1.00,0.00,0.00,0.0,0.910,80.2
AER,Industrials,C,9,0,0.00,9,1.00,0.00,0.00,0.0,1.481,83.0
AERO,Industrials,D,1,0,0.00,0,0.00,0.00,0.00,0.0,0.000,132.8
AES,Utilities,C,2,0,0.00,2,1.00,0.00,0.00,0.0,0.319,82.0
AFL,Financial Services,C,5,0,0.00,5,1.00,0.00,0.00,0.0,0.429,75.8
AG,Basic Materials,C,20,4,0.20,20,1.00,0.30,0.22,0.0,0.533,78.5
AGCO,Industrials,C,3,0,0.00,3,1.00,0.00,0.00,0.0,1.173,72.5
AGI,Basic Materials,C,20,0,0.00,20,1.00,0.00,0.00,0.0,0.458,80.5
AGIO,Healthcare,C,1,0,0.00,1,1.00,0.00,0.00,0.0,0.671,74.0
AGNC,Real Estate,C,3,0,0.00,3,1.00,0.00,0.00,0.0,0.578,78.8
AGRO,Consumer Defensive,C,9,0,0.00,9,1.00,0.00,0.00,0.0,0.162,82.7
AGX,Industrials,C,6,1,0.17,6,1.00,0.64,0.00,0.0,1.963,74.9
AHR,Real Estate,C,10,0,0.00,10,1.00,0.00,0.00,0.0,0.260,77.7
AIG,Financial Services,C,4,0,0.00,4,1.00,0.00,0.00,0.0,0.456,82.1
AIR,Industrials,C,4,0,0.00,4,1.00,0.00,0.00,0.0,0.717,92.4
AKAM,Technology,C,21,1,0.05,21,1.00,0.77,0.00,0.0,0.747,81.9
AKR,Real Estate,C,13,0,0.00,13,1.00,0.00,0.00,0.0,0.052,80.0
AL,Industrials,C,17,0,0.00,17,1.00,0.00,0.00,0.0,5.423,80.0
ALB,Basic Materials,C,16,0,0.00,16,1.00,0.00,0.00,0.0,0.776,80.7
ALC,Healthcare,C,8,0,0.00,8,1.00,0.00,0.00,0.0,1.252,83.8
ALGM,Technology,C,7,1,0.14,7,1.00,2.73,0.00,0.0,0.580,75.1
ALGN,Healthcare,C,9,0,0.00,9,1.00,0.00,0.00,0.0,1.591,82.2
ALHC,Healthcare,C,1,0,0.00,1,1.00,0.00,0.00,0.0,0.419,70.5
ALK,Industrials,C,3,0,0.00,3,1.00,0.00,0.00,0.0,0.827,83.7
ALKS,Healthcare,C,3,0,0.00,3,1.00,0.00,0.00,0.0,0.413,71.7
ALL,Financial Services,C,16,0,0.00,16,1.00,0.00,0.00,0.0,0.488,79.3
ALLE,Industrials,C,1,0,0.00,1,1.00,0.00,0.00,0.0,0.507,70.0
ALLY,Financial Services,C,1,0,0.00,1,1.00,0.00,0.00,0.0,0.411,72.0
ALM,Basic Materials,C,20,0,0.00,20,1.00,0.00,0.00,0.0,0.464,76.5
ALMS,Healthcare,C,12,0,0.00,12,1.00,0.00,0.00,0.0,0.922,82.6
ALSN,Consumer Cyclical,C,7,0,0.00,7,1.00,0.00,0.00,0.0,1.311,72.6
ALV,Consumer Cyclical,C,1,0,0.00,1,1.00,0.00,0.00,0.0,0.503,80.5
AM,Energy,C,26,0,0.00,26,1.00,0.00,0.00,0.0,0.432,83.4
AMAT,Technology,C,18,2,0.11,18,1.00,0.08,0.47,0.0,0.879,82.2
AMCR,Consumer Cyclical,C,4,0,0.00,4,1.00,0.00,0.00,0.0,0.161,77.2
AMD,Technology,C,8,7,0.88,8,1.00,0.21,0.60,10.7,0.980,84.9
AME,Industrials,C,9,0,0.00,9,1.00,0.00,0.00,0.0,1.350,81.4
AMGN,Healthcare,C,12,0,0.00,12,1.00,0.00,0.00,0.0,0.512,79.5
AMKR,Technology,C,13,0,0.00,13,1.00,0.00,0.00,0.0,0.556,79.8
AMPX,Industrials,C,7,0,0.00,7,1.00,0.00,0.00,0.0,0.656,76.1
AMR,Energy,C,1,0,0.00,1,1.00,0.00,0.00,0.0,0.808,138.8
AMRX,Healthcare,C,5,0,0.00,5,1.00,0.00,0.00,0.0,0.457,76.2
AMRZ,Basic Materials,C,13,0,0.00,13,1.00,0.00,0.00,0.0,0.433,78.3
AMTM,Industrials,C,8,0,0.00,8,1.00,0.00,0.00,0.0,0.392,76.8
AMX,Communication Services,C,15,0,0.00,15,1.00,0.00,0.00,0.0,0.428,87.5
ANDE,Consumer Defensive,C,1,0,0.00,1,1.00,0.00,0.00,0.0,0.119,77.5
ANET,Technology,C,13,1,0.08,13,1.00,0.13,0.00,0.0,0.473,85.9
ANF,Consumer Cyclical,C,1,0,0.00,1,1.00,0.00,0.00,0.0,1.091,73.0
AOS,Industrials,C,5,0,0.00,5,1.00,0.00,0.00,0.0,0.183,90.0
APA,Energy,C,18,0,0.00,18,1.00,0.00,0.00,0.0,0.513,85.9
APD,Basic Materials,C,14,0,0.00,14,1.00,0.00,0.00,0.0,0.381,80.4
APG,Industrials,C,2,0,0.00,2,1.00,0.00,0.00,0.0,2.960,79.5
APGE,Healthcare,C,10,0,0.00,10,1.00,0.00,0.00,0.0,0.475,74.2
APH,Technology,C,8,1,0.12,8,1.00,0.21,0.00,0.0,1.435,77.5
APLD,Technology,C,9,0,0.00,9,1.00,0.00,0.00,0.0,0.454,77.9
APLE,Real Estate,C,7,0,0.00,7,1.00,0.00,0.00,0.0,3.058,75.4
APLS,Healthcare,C,2,0,0.00,2,1.00,0.00,0.00,0.0,0.585,104.5
APP,Technology,C,1,0,0.00,1,1.00,0.00,0.00,0.0,0.100,73.0
APTV,Consumer Cyclical,C,1,0,0.00,1,1.00,0.00,0.00,0.0,1.266,77.5
AQN,Utilities,C,14,0,0.00,14,1.00,0.00,0.00,0.0,0.787,80.0
AR,Energy,C,17,0,0.00,17,1.00,0.00,0.00,0.0,3.979,83.2
ARCB,Industrials,C,1,0,0.00,1,1.00,0.00,0.00,0.0,0.600,79.0
ARLP,Energy,C,5,0,0.00,5,1.00,0.00,0.00,0.0,0.279,83.4
ARM,Technology,C,3,2,0.67,3,1.00,0.13,0.22,0.0,0.459,80.8
ARMK,Industrials,C,18,0,0.00,18,1.00,0.00,0.00,0.0,8.063,78.4
ARMN,Basic Materials,C,13,0,0.00,13,1.00,0.00,0.00,0.0,0.602,85.2
AROC,Energy,C,23,0,0.00,23,1.00,0.00,0.00,0.0,0.265,83.7
ARQT,Healthcare,C,2,0,0.00,2,1.00,0.00,0.00,0.0,0.029,73.0
ARR,Real Estate,C,13,1,0.08,13,1.00,67.60,0.00,45.0,0.309,78.1
ARW,Technology,C,2,0,0.00,2,1.00,0.00,0.00,0.0,0.490,111.9
ARWR,Healthcare,C,2,0,0.00,2,1.00,0.00,0.00,0.0,0.327,74.2
AS,Consumer Cyclical,C,4,0,0.00,4,1.00,0.00,0.00,0.0,0.604,75.5
ASB,Financial Services,C,10,0,0.00,10,1.00,0.00,0.00,0.0,0.140,79.0
ASH,Basic Materials,C,4,0,0.00,4,1.00,0.00,0.00,0.0,0.613,75.0
ASML,Technology,C,22,3,0.14,22,1.00,0.47,1.03,10.0,0.246,83.8
ASND,Healthcare,C,13,0,0.00,13,1.00,0.00,0.00,0.0,0.959,79.2
ASO,Consumer Cyclical,C,13,0,0.00,13,1.00,0.00,0.00,0.0,0.800,81.5
ASTS,Technology,C,15,7,0.47,15,1.00,0.21,0.29,0.0,0.545,84.5
ASX,Technology,C,22,0,0.00,22,1.00,0.00,0.00,0.0,0.349,80.2
ATAT,Consumer Cyclical,C,7,0,0.00,7,1.00,0.00,0.00,0.0,0.259,75.1
ATI,Industrials,C,11,0,0.00,11,1.00,0.00,0.00,0.0,0.963,82.6
ATMU,Industrials,C,9,0,0.00,9,1.00,0.00,0.00,0.0,0.632,86.1
ATO,Utilities,C,18,0,0.00,18,1.00,0.00,0.00,0.0,0.346,82.6
ATR,Healthcare,C,1,0,0.00,1,1.00,0.00,0.00,0.0,2.657,75.0
ATRO,Industrials,C,10,0,0.00,10,1.00,0.00,0.00,0.0,0.946,86.3
AU,Basic Materials,C,18,0,0.00,18,1.00,0.00,0.00,0.0,1.323,78.5
AUB,Financial Services,C,1,0,0.00,1,1.00,0.00,0.00,0.0,24.240,76.5
AUGO,Basic Materials,C,5,0,0.00,5,1.00,0.00,0.00,0.0,1.199,79.0
AUPH,Healthcare,C,2,0,0.00,2,1.00,0.00,0.00,0.0,0.321,106.2
AVA,Utilities,C,2,0,0.00,2,1.00,0.00,0.00,0.0,1.207,100.5
AVAV,Industrials,C,1,0,0.00,1,1.00,0.00,0.00,0.0,0.264,79.0
AVDL,Healthcare,C,2,0,0.00,2,1.00,0.00,0.00,0.0,0.065,101.2
AVGO,Technology,C,4,4,1.00,4,1.00,0.08,0.62,3.8,0.502,90.6
AVNT,Basic Materials,C,2,0,0.00,2,1.00,0.00,0.00,0.0,8.738,75.2
AVT,Technology,C,19,0,0.00,19,1.00,0.00,0.00,0.0,0.216,79.8
AVY,Industrials,C,1,0,0.00,1,1.00,0.00,0.00,0.0,0.902,134.2
AWI,Industrials,C,1,0,0.00,1,1.00,0.00,0.00,0.0,0.202,76.0
AWK,Utilities,C,12,0,0.00,12,1.00,0.00,0.00,0.0,0.981,86.8
AXIA,Utilities,D,16,0,0.00,0,0.00,0.00,0.00,0.0,0.000,81.4
AXS,Financial Services,C,1,0,0.00,1,1.00,0.00,0.00,0.0,0.696,85.0
AXSM,Healthcare,C,7,0,0.00,7,1.00,0.00,0.00,0.0,0.689,79.7
AXTA,Basic Materials,C,2,0,0.00,2,1.00,0.00,0.00,0.0,0.990,76.0
AXTI,Technology,C,10,2,0.20,10,1.00,0.38,0.41,0.0,0.863,84.7
AZN,Healthcare,C,13,0,0.00,13,1.00,0.00,0.00,0.0,0.124,80.4
B,Basic Materials,C,17,0,0.00,17,1.00,0.00,0.00,0.0,0.268,80.5
BA,Industrials,C,8,1,0.12,8,1.00,0.37,0.00,0.0,0.504,78.1
BAC,Financial Services,C,1,0,0.00,1,1.00,0.00,0.00,0.0,0.411,71.5
BALL,Consumer Cyclical,C,7,0,0.00,7,1.00,0.00,0.00,0.0,1.050,75.5
BANC,Financial Services,C,1,0,0.00,1,1.00,0.00,0.00,0.0,0.531,84.5
BAP,Financial Services,C,1,0,0.00,1,1.00,0.00,0.00,0.0,3.069,71.5
BATRK,Communication Services,C,2,0,0.00,2,1.00,0.00,0.00,0.0,0.165,110.0
BBAR,Financial Services,C,1,0,0.00,1,1.00,0.00,0.00,0.0,0.332,73.0
BBIO,Healthcare,C,4,0,0.00,4,1.00,0.00,0.00,0.0,0.383,93.8
BBT,Financial Services,C,17,0,0.00,17,1.00,0.00,0.00,0.0,0.019,79.3
BBVA,Financial Services,C,2,0,0.00,2,1.00,0.00,0.00,0.0,0.515,71.5
BC,Consumer Cyclical,C,3,0,0.00,3,1.00,0.00,0.00,0.0,0.435,77.7
BCC,Basic Materials,C,1,0,0.00,1,1.00,0.00,0.00,0.0,0.909,83.5
BCE,Communication Services,C,16,0,0.00,16,1.00,0.00,0.00,0.0,1.298,83.0
BCH,Financial Services,C,1,0,0.00,1,1.00,0.00,0.00,0.0,0.236,70.0
BCO,Industrials,C,2,0,0.00,2,1.00,0.00,0.00,0.0,0.835,79.5
BCRX,Healthcare,C,5,2,0.40,5,1.00,4.47,0.13,0.0,0.257,85.5
BCS,Financial Services,C,2,0,0.00,2,1.00,0.00,0.00,0.0,0.079,76.5
BE,Industrials,C,17,1,0.06,17,1.00,0.09,0.00,0.0,0.529,78.4
BEAM,Healthcare,C,8,0,0.00,8,1.00,0.00,0.00,0.0,0.618,86.6
BEN,Financial Services,C,10,0,0.00,10,1.00,0.00,0.00,0.0,0.502,81.8
BEP,Utilities,C,15,0,0.00,15,1.00,0.00,0.00,0.0,0.835,82.8
BEPC,Utilities,C,12,0,0.00,12,1.00,0.00,0.00,0.0,0.288,78.9
BFH,Financial Services,C,7,0,0.00,7,1.00,0.00,0.00,0.0,4.941,83.7
BG,Consumer Defensive,C,18,0,0.00,18,1.00,0.00,0.00,0.0,0.707,80.1
BGC,Financial Services,C,21,0,0.00,21,1.00,0.00,0.00,0.0,0.318,85.0
BHP,Basic Materials,C,10,0,0.00,10,1.00,0.00,0.00,0.0,0.936,76.9
BIDU,Communication Services,C,3,0,0.00,3,1.00,0.00,0.00,0.0,0.975,78.2
BIIB,Healthcare,C,12,0,0.00,12,1.00,0.00,0.00,0.0,0.547,81.8
BILI,Technology,C,4,0,0.00,4,1.00,0.00,0.00,0.0,0.987,92.2
BIP,Utilities,C,18,0,0.00,18,1.00,0.00,0.00,0.0,0.663,80.7
BIPC,Utilities,C,6,0,0.00,6,1.00,0.00,0.00,0.0,2.152,86.9
BJ,Consumer Defensive,C,2,0,0.00,2,1.00,0.00,0.00,0.0,0.205,82.0
BK,Financial Services,C,13,0,0.00,13,1.00,0.00,0.00,0.0,0.430,78.8
BKD,Healthcare,C,13,0,0.00,13,1.00,0.00,0.00,0.0,0.355,81.1
BKH,Utilities,C,14,0,0.00,14,1.00,0.00,0.00,0.0,0.344,80.8
BKR,Energy,C,23,0,0.00,23,1.00,0.00,0.00,0.0,0.803,80.8
BKU,Financial Services,C,5,0,0.00,5,1.00,0.00,0.00,0.0,0.204,77.0
BKV,Energy,C,14,0,0.00,14,1.00,0.00,0.00,0.0,1.287,81.2
BLCO,Healthcare,C,3,0,0.00,3,1.00,0.00,0.00,0.0,0.890,99.2
BLK,Financial Services,C,2,0,0.00,2,1.00,0.00,0.00,0.0,1.744,72.8
BMO,Financial Services,C,7,0,0.00,7,1.00,0.00,0.00,0.0,3.026,79.0
BMRN,Healthcare,C,9,0,0.00,9,1.00,0.00,0.00,0.0,0.634,83.0
BMY,Healthcare,C,22,0,0.00,22,1.00,0.00,0.00,0.0,0.404,81.0
BN,Financial Services,C,2,0,0.00,2,1.00,0.00,0.00,0.0,0.155,72.5
BNL,Real Estate,C,17,0,0.00,17,1.00,0.00,0.00,0.0,0.303,76.5
BNS,Financial Services,C,5,0,0.00,5,1.00,0.00,0.00,0.0,0.269,86.0
BNTX,Healthcare,C,2,0,0.00,2,1.00,0.00,0.00,0.0,1.658,76.2
BOH,Financial Services,C,2,0,0.00,2,1.00,0.00,0.00,0.0,0.677,80.2
BP,Energy,C,22,0,0.00,22,1.00,0.00,0.00,0.0,0.362,85.4
BPOP,Financial Services,C,6,0,0.00,6,1.00,0.00,0.00,0.0,0.636,74.2
BRX,Real Estate,C,10,0,0.00,10,1.00,0.00,0.00,0.0,0.974,77.5
BSAC,Financial Services,C,2,0,0.00,2,1.00,0.00,0.00,0.0,0.000,73.8
BSBR,Financial Services,C,5,0,0.00,5,1.00,0.00,0.00,0.0,0.348,77.6
BSM,Energy,C,6,0,0.00,6,1.00,0.00,0.00,0.0,0.207,89.0
BTG,Basic Materials,C,16,2,0.12,16,1.00,0.82,0.35,0.0,0.600,79.3
BTI,Consumer Defensive,C,14,0,0.00,14,1.00,0.00,0.00,0.0,0.048,82.9
BTSG,Healthcare,C,15,0,0.00,15,1.00,0.00,0.00,0.0,0.791,82.0
BTU,Energy,C,21,0,0.00,21,1.00,0.00,0.00,0.0,0.653,87.5
BUD,Consumer Defensive,C,4,0,0.00,4,1.00,0.00,0.00,0.0,1.535,91.6
BURL,Consumer Cyclical,C,11,0,0.00,11,1.00,0.00,0.00,0.0,5.042,81.1
BUSE,Financial Services,C,5,0,0.00,5,1.00,0.00,0.00,0.0,0.124,77.8
BVN,Basic Materials,C,16,0,0.00,16,1.00,0.00,0.00,0.0,0.729,82.3
BWA,Consumer Cyclical,C,10,0,0.00,10,1.00,0.00,0.00,0.0,0.309,81.9
BWLP,Industrials,D,3,0,0.00,0,0.00,0.00,0.00,0.0,0.000,72.7
BWXT,Industrials,C,18,0,0.00,18,1.00,0.00,0.00,0.0,0.666,84.1
BXMT,Real Estate,C,3,0,0.00,3,1.00,0.00,0.00,0.0,4.966,75.3
BYD,Consumer Cyclical,C,8,0,0.00,8,1.00,0.00,0.00,0.0,1.832,80.0
C,Financial Services,C,10,2,0.20,10,1.00,0.43,1.09,0.0,0.661,81.1
CACC,Financial Services,C,1,0,0.00,1,1.00,0.00,0.00,0.0,7.675,82.5
CAE,Industrials,C,7,0,0.00,7,1.00,0.00,0.00,0.0,0.352,74.7
CAG,Consumer Defensive,C,3,0,0.00,3,1.00,0.00,0.00,0.0,0.544,94.9
CAH,Healthcare,C,8,0,0.00,8,1.00,0.00,0.00,0.0,2.074,83.9
CAKE,Consumer Cyclical,C,12,0,0.00,12,1.00,0.00,0.00,0.0,0.842,84.1
CAMT,Technology,C,11,0,0.00,11,1.00,0.00,0.00,0.0,0.690,84.3
CAR,Industrials,C,3,0,0.00,3,1.00,0.00,0.00,0.0,0.600,76.8
CARR,Industrials,C,3,0,0.00,3,1.00,0.00,0.00,0.0,8.486,100.2
CASY,Consumer Cyclical,C,5,0,0.00,5,1.00,0.00,0.00,0.0,1.121,90.8
CAT,Industrials,C,10,1,0.10,10,1.00,32.41,0.00,15.0,0.771,78.5
CAVA,Consumer Cyclical,C,17,1,0.06,17,1.00,0.84,0.00,0.0,0.489,82.5
CB,Financial Services,C,11,0,0.00,11,1.00,0.00,0.00,0.0,0.665,81.5
CBC,Financial Services,C,3,0,0.00,3,1.00,0.00,0.00,0.0,0.013,89.1
CC,Basic Materials,C,18,0,0.00,18,1.00,0.00,0.00,0.0,0.362,81.9
CCEP,Consumer Defensive,C,13,0,0.00,13,1.00,0.00,0.00,0.0,0.490,82.7
CCJ,Energy,C,22,1,0.05,22,1.00,1.16,0.00,0.0,0.761,81.8
CCK,Consumer Cyclical,C,11,0,0.00,11,1.00,0.00,0.00,0.0,1.276,80.7
CCL,Consumer Cyclical,C,5,0,0.00,5,1.00,0.00,0.00,0.0,3.521,84.2
CDE,Basic Materials,C,21,1,0.05,21,1.00,0.69,0.00,0.0,0.399,81.1
CDP,Real Estate,C,8,0,0.00,8,1.00,0.00,0.00,0.0,1.461,78.5
CE,Basic Materials,C,17,0,0.00,17,1.00,0.00,0.00,0.0,0.656,81.0
CECO,Industrials,C,5,0,0.00,5,1.00,0.00,0.00,0.0,0.736,86.8
CEF,Financial Services,D,7,0,0.00,0,0.00,0.00,0.00,0.0,0.000,73.6
CEG,Utilities,C,1,0,0.00,1,1.00,0.00,0.00,0.0,1.002,71.5
CELC,Healthcare,C,10,0,0.00,10,1.00,0.00,0.00,0.0,1.430,82.6
CELH,Consumer Defensive,C,1,0,0.00,1,1.00,0.00,0.00,0.0,0.137,132.0
CENX,Basic Materials,C,14,0,0.00,14,1.00,0.00,0.00,0.0,0.640,80.5
CEPU,Utilities,C,2,0,0.00,2,1.00,0.00,0.00,0.0,0.093,80.5
CF,Basic Materials,C,25,1,0.04,25,1.00,0.42,0.00,0.0,0.431,83.0
CFG,Financial Services,C,5,1,0.20,5,1.00,18.90,0.00,15.0,0.685,86.3
CFLT,Technology,C,19,0,0.00,11,0.58,0.00,0.00,0.0,3.569,81.2
CFR,Financial Services,C,3,0,0.00,3,1.00,0.00,0.00,0.0,0.227,73.0
CGAU,Basic Materials,C,19,0,0.00,19,1.00,0.00,0.00,0.0,0.368,82.0
CGNX,Technology,C,18,0,0.00,18,1.00,0.00,0.00,0.0,0.809,77.2
CGON,Healthcare,C,21,1,0.05,21,1.00,12.09,0.00,0.0,0.388,81.0
CHD,Consumer Defensive,C,12,0,0.00,12,1.00,0.00,0.00,0.0,0.699,83.2
CHRD,Energy,C,20,0,0.00,20,1.00,0.00,0.00,0.0,0.496,83.8
CHRW,Industrials,C,12,0,0.00,12,1.00,0.00,0.00,0.0,0.469,78.6
CIEN,Technology,C,19,1,0.05,19,1.00,0.26,0.00,0.0,1.238,83.8
CIFR,Financial Services,C,2,0,0.00,2,1.00,0.00,0.00,0.0,0.629,76.0
CINF,Financial Services,C,9,0,0.00,9,1.00,0.00,0.00,0.0,0.533,82.6
CL,Consumer Defensive,C,7,0,0.00,7,1.00,0.00,0.00,0.0,0.591,87.9
CLDX,Healthcare,C,5,0,0.00,5,1.00,0.00,0.00,0.0,0.976,76.0
CLH,Industrials,C,7,0,0.00,7,1.00,0.00,0.00,0.0,0.918,77.0
CLMT,Energy,C,19,0,0.00,19,1.00,0.00,0.00,0.0,0.506,86.8
CLS,Technology,C,9,0,0.00,9,1.00,0.00,0.00,0.0,1.086,84.7
CLX,Consumer Defensive,C,6,0,0.00,6,1.00,0.00,0.00,0.0,0.581,78.4
CM,Financial Services,C,8,0,0.00,8,1.00,0.00,0.00,0.0,1.758,74.2
CMBT,Industrials,C,10,0,0.00,10,1.00,0.00,0.00,0.0,0.183,84.2
CMC,Basic Materials,C,3,0,0.00,3,1.00,0.00,0.00,0.0,0.244,73.8
CMCSA,Communication Services,C,2,1,0.50,2,1.00,0.38,0.00,0.0,0.442,110.0
CME,Financial Services,C,15,0,0.00,15,1.00,0.00,0.00,0.0,0.433,79.8
CMI,Industrials,C,9,0,0.00,9,1.00,0.00,0.00,0.0,0.320,85.8
CMPO,Industrials,C,2,0,0.00,2,1.00,0.00,0.00,0.0,0.087,82.0
CMRE,Industrials,C,2,0,0.00,2,1.00,0.00,0.00,0.0,0.720,75.0
CMS,Utilities,C,21,0,0.00,21,1.00,0.00,0.00,0.0,0.057,82.0
CNA,Financial Services,C,3,0,0.00,3,1.00,0.00,0.00,0.0,0.775,79.7
CNC,Healthcare,C,9,0,0.00,9,1.00,0.00,0.00,0.0,0.508,86.4
CNH,Industrials,C,3,0,0.00,3,1.00,0.00,0.00,0.0,3.574,94.6
CNI,Industrials,C,14,0,0.00,14,1.00,0.00,0.00,0.0,0.575,78.6
CNK,Communication Services,C,11,0,0.00,11,1.00,0.00,0.00,0.0,0.472,84.1
CNM,Industrials,C,1,0,0.00,1,1.00,0.00,0.00,0.0,0.210,141.0
CNP,Utilities,C,21,0,0.00,21,1.00,0.00,0.00,0.0,1.018,79.4
CNQ,Energy,C,20,1,0.05,20,1.00,0.28,0.00,0.0,0.443,83.7
CNR,Energy,C,16,0,0.00,16,1.00,0.00,0.00,0.0,0.783,90.3
CNTA,Healthcare,C,4,0,0.00,4,1.00,0.00,0.00,0.0,0.396,76.2
CNX,Energy,C,24,0,0.00,24,1.00,0.00,0.00,0.0,0.968,83.0
COCO,Consumer Defensive,C,12,0,0.00,12,1.00,0.00,0.00,0.0,0.818,82.4
COGT,Healthcare,C,6,0,0.00,6,1.00,0.00,0.00,0.0,0.581,83.2
COHR,Technology,C,22,4,0.18,22,1.00,0.17,1.02,0.0,0.770,80.4
COKE,Consumer Defensive,C,2,0,0.00,2,1.00,0.00,0.00,0.0,1.092,100.2
COLB,Financial Services,C,3,0,0.00,3,1.00,0.00,0.00,0.0,0.594,76.3
COLM,Consumer Cyclical,C,1,0,0.00,1,1.00,0.00,0.00,0.0,0.784,76.5
COMM,Technology,C,10,0,0.00,10,1.00,0.00,0.00,0.0,3.263,84.4
CON,Healthcare,C,11,0,0.00,11,1.00,0.00,0.00,0.0,0.113,80.5
COO,Healthcare,C,4,0,0.00,4,1.00,0.00,0.00,0.0,5.880,78.8
COP,Energy,C,25,1,0.04,25,1.00,0.10,0.00,0.0,0.379,83.2
COR,Healthcare,C,7,0,0.00,7,1.00,0.00,0.00,0.0,0.312,87.3
CORZ,Technology,C,5,0,0.00,5,1.00,0.00,0.00,0.0,0.564,79.0
COST,Consumer Defensive,C,9,1,0.11,9,1.00,0.25,0.00,0.0,1.034,79.1
CP,Industrials,C,10,0,0.00,10,1.00,0.00,0.00,0.0,0.736,80.4
CPA,Industrials,C,1,0,0.00,1,1.00,0.00,0.00,0.0,0.286,88.0
CPAY,Technology,C,9,0,0.00,9,1.00,0.00,0.00,0.0,0.881,83.1
CPRX,Healthcare,C,14,0,0.00,14,1.00,0.00,0.00,0.0,0.444,81.2
CPT,Real Estate,C,1,0,0.00,1,1.00,0.00,0.00,0.0,0.227,86.5
CRC,Energy,C,15,0,0.00,15,1.00,0.00,0.00,0.0,0.117,87.7
CRCL,Financial Services,C,3,1,0.33,3,1.00,0.06,0.00,0.0,0.775,76.2
CRGY,Energy,C,17,0,0.00,17,1.00,0.00,0.00,0.0,0.201,83.1
CRH,Basic Materials,C,2,0,0.00,2,1.00,0.00,0.00,0.0,0.680,78.5
CRK,Energy,C,7,0,0.00,7,1.00,0.00,0.00,0.0,0.169,92.4
CRL,Healthcare,C,2,0,0.00,2,1.00,0.00,0.00,0.0,0.105,73.8
CROX,Consumer Cyclical,C,4,0,0.00,4,1.00,0.00,0.00,0.0,1.137,75.8
CRS,Industrials,C,12,0,0.00,12,1.00,0.00,0.00,0.0,1.262,81.5
CRSP,Healthcare,C,8,0,0.00,8,1.00,0.00,0.00,0.0,0.335,82.9
CRUS,Technology,C,9,0,0.00,9,1.00,0.00,0.00,0.0,0.797,83.6
CSAN,Energy,D,3,0,0.00,0,0.00,0.00,0.00,0.0,0.000,77.0
CSCO,Technology,C,15,0,0.00,15,1.00,0.00,0.00,0.0,0.371,81.4
CSGS,Technology,C,3,0,0.00,3,1.00,0.00,0.00,0.0,4.390,96.6
CSTM,Basic Materials,C,18,0,0.00,18,1.00,0.00,0.00,0.0,0.536,80.8
CSX,Industrials,C,14,0,0.00,14,1.00,0.00,0.00,0.0,0.497,79.1
CTAS,Industrials,C,2,0,0.00,2,1.00,0.00,0.00,0.0,0.245,80.0
CTRA,Energy,C,17,0,0.00,17,1.00,0.00,0.00,0.0,0.283,84.1
CTRE,Real Estate,C,17,0,0.00,17,1.00,0.00,0.00,0.0,0.683,79.0
CTRI,Utilities,C,20,0,0.00,20,1.00,0.00,0.00,0.0,0.221,81.8
CTVA,Basic Materials,C,24,0,0.00,24,1.00,0.00,0.00,0.0,0.447,80.9
CUBE,Real Estate,C,7,0,0.00,7,1.00,0.00,0.00,0.0,0.826,76.4
CUK,Consumer Cyclical,C,3,0,0.00,3,1.00,0.00,0.00,0.0,9.361,73.8
CURB,Real Estate,C,7,0,0.00,7,1.00,0.00,0.00,0.0,0.456,75.9
CVBF,Financial Services,C,1,0,0.00,1,1.00,0.00,0.00,0.0,0.527,72.0
CVE,Energy,C,22,0,0.00,22,1.00,0.00,0.00,0.0,0.824,81.8
CVI,Energy,C,10,0,0.00,10,1.00,0.00,0.00,0.0,0.354,87.1
CVS,Healthcare,C,4,0,0.00,4,1.00,0.00,0.00,0.0,0.551,89.4
CVX,Energy,C,21,6,0.29,21,1.00,0.14,0.68,0.0,0.367,83.8
CW,Industrials,C,1,0,0.00,1,1.00,0.00,0.00,0.0,0.824,77.5
CWAN,Technology,C,6,0,0.00,6,1.00,0.00,0.00,0.0,79.349,75.9
CWEN,Utilities,C,17,0,0.00,17,1.00,0.00,0.00,0.0,0.614,81.5
CX,Basic Materials,C,9,0,0.00,9,1.00,0.00,0.00,0.0,0.829,77.7
CXW,Real Estate,C,7,0,0.00,7,1.00,0.00,0.00,0.0,0.421,82.6
CYTK,Healthcare,C,10,0,0.00,10,1.00,0.00,0.00,0.0,0.341,74.2
CZR,Consumer Cyclical,C,11,0,0.00,11,1.00,0.00,0.00,0.0,0.392,83.2
D,Utilities,C,21,0,0.00,21,1.00,0.00,0.00,0.0,0.248,80.2
DAL,Industrials,C,7,0,0.00,7,1.00,0.00,0.00,0.0,0.882,75.3
DAN,Consumer Cyclical,C,21,0,0.00,21,1.00,0.00,0.00,0.0,0.284,78.4
DAR,Consumer Defensive,C,16,0,0.00,16,1.00,0.00,0.00,0.0,0.425,80.2
DAVE,Technology,C,5,0,0.00,5,1.00,0.00,0.00,0.0,0.139,90.0
DAWN,Healthcare,C,1,0,0.00,1,1.00,0.00,0.00,0.0,0.618,77.5
DB,Financial Services,C,1,0,0.00,1,1.00,0.00,0.00,0.0,0.618,77.5
DBRG,Real Estate,C,12,0,0.00,12,1.00,0.00,0.00,0.0,0.901,80.8
DCI,Industrials,C,1,0,0.00,1,1.00,0.00,0.00,0.0,0.799,82.0
DD,Basic Materials,C,11,0,0.00,11,1.00,0.00,0.00,0.0,0.493,78.0
DE,Industrials,C,10,0,0.00,10,1.00,0.00,0.00,0.0,1.032,81.7
DECK,Consumer Cyclical,C,5,0,0.00,5,1.00,0.00,0.00,0.0,1.088,76.4
DELL,Technology,C,19,3,0.16,19,1.00,1.20,1.37,10.0,0.602,87.2
DG,Consumer Defensive,C,7,0,0.00,7,1.00,0.00,0.00,0.0,0.790,77.4
DGX,Healthcare,C,3,0,0.00,3,1.00,0.00,0.00,0.0,3.370,77.2
DHI,Consumer Cyclical,C,1,0,0.00,1,1.00,0.00,0.00,0.0,2.570,73.5
DHR,Healthcare,C,1,0,0.00,1,1.00,0.00,0.00,0.0,0.189,74.5
DHT,Energy,C,23,0,0.00,23,1.00,0.00,0.00,0.0,0.314,81.7
DINO,Energy,C,17,0,0.00,17,1.00,0.00,0.00,0.0,1.807,85.9
DIOD,Technology,C,4,0,0.00,4,1.00,0.00,0.00,0.0,4.322,91.5
DK,Energy,C,21,0,0.00,21,1.00,0.00,0.00,0.0,0.688,83.7
DKS,Consumer Cyclical,C,2,0,0.00,2,1.00,0.00,0.00,0.0,1.844,74.0
DLO,Technology,C,1,0,0.00,1,1.00,0.00,0.00,0.0,0.565,76.0
DLR,Real Estate,C,20,0,0.00,20,1.00,0.00,0.00,0.0,0.527,79.8
DLTR,Consumer Defensive,C,3,0,0.00,3,1.00,0.00,0.00,0.0,0.700,82.2
DNLI,Healthcare,C,11,0,0.00,11,1.00,0.00,0.00,0.0,0.619,77.1
DNP,Financial Services,D,2,0,0.00,0,0.00,0.00,0.00,0.0,0.000,72.8
DNTH,Healthcare,C,3,0,0.00,3,1.00,0.00,0.00,0.0,0.885,71.5
DOC,Real Estate,C,3,0,0.00,3,1.00,0.00,0.00,0.0,0.202,80.5
DOCN,Technology,C,16,0,0.00,16,1.00,0.00,0.00,0.0,0.786,79.8
DOV,Industrials,C,6,0,0.00,6,1.00,0.00,0.00,0.0,2.712,83.1
DOW,Basic Materials,C,18,0,0.00,18,1.00,0.00,0.00,0.0,0.443,78.7
DRD,Basic Materials,C,1,0,0.00,1,1.00,0.00,0.00,0.0,1.013,83.5
DRH,Real Estate,C,5,0,0.00,5,1.00,0.00,0.00,0.0,0.032,77.1
DRI,Consumer Cyclical,C,8,0,0.00,8,1.00,0.00,0.00,0.0,1.335,82.3
DRS,Industrials,C,20,0,0.00,20,1.00,0.00,0.00,0.0,0.455,82.0
DTE,Utilities,C,24,0,0.00,24,1.00,0.00,0.00,0.0,0.777,82.3
DTM,Energy,C,19,0,0.00,19,1.00,0.00,0.00,0.0,0.336,85.8
DUK,Utilities,C,22,0,0.00,22,1.00,0.00,0.00,0.0,0.173,81.4
DVA,Healthcare,C,12,0,0.00,12,1.00,0.00,0.00,0.0,2.095,75.0
DVN,Energy,C,21,0,0.00,21,1.00,0.00,0.00,0.0,0.487,84.0
DX,Real Estate,C,2,0,0.00,2,1.00,0.00,0.00,0.0,0.053,80.5
DXCM,Healthcare,C,1,0,0.00,1,1.00,0.00,0.00,0.0,0.997,82.0
DY,Industrials,C,1,0,0.00,1,1.00,0.00,0.00,0.0,0.368,70.0
DYN,Healthcare,C,4,0,0.00,4,1.00,0.00,0.00,0.0,0.829,74.4
E,Energy,C,12,0,0.00,12,1.00,0.00,0.00,0.0,0.465,84.2
EA,Communication Services,C,7,0,0.00,7,1.00,0.00,0.00,0.0,5.438,74.2
EAT,Consumer Cyclical,C,1,0,0.00,1,1.00,0.00,0.00,0.0,0.621,79.0
EBAY,Consumer Cyclical,C,11,0,0.00,11,1.00,0.00,0.00,0.0,4.224,82.7
EBC,Financial Services,C,2,0,0.00,2,1.00,0.00,0.00,0.0,0.780,72.0
EC,Energy,C,21,0,0.00,21,1.00,0.00,0.00,0.0,0.341,84.1
ECG,Industrials,C,7,0,0.00,7,1.00,0.00,0.00,0.0,12.483,76.6
ECL,Basic Materials,C,8,0,0.00,8,1.00,0.00,0.00,0.0,0.487,76.8
ED,Utilities,C,21,0,0.00,21,1.00,0.00,0.00,0.0,0.565,80.2
EDU,Consumer Defensive,C,7,0,0.00,7,1.00,0.00,0.00,0.0,9.195,75.2
EE,Utilities,C,4,0,0.00,4,1.00,0.00,0.00,0.0,0.315,89.4
EFXT,Energy,C,5,0,0.00,5,1.00,0.00,0.00,0.0,0.016,83.2
EGO,Basic Materials,C,15,1,0.07,15,1.00,1.39,0.00,0.0,0.388,80.5
EGP,Real Estate,C,1,0,0.00,1,1.00,0.00,0.00,0.0,0.810,74.0
EIX,Utilities,C,22,0,0.00,22,1.00,0.00,0.00,0.0,0.772,82.4
EL,Consumer Defensive,C,6,0,0.00,6,1.00,0.00,0.00,0.0,0.346,79.1
ELAN,Healthcare,C,7,0,0.00,7,1.00,0.00,0.00,0.0,0.680,86.8
ELPC,Utilities,D,3,0,0.00,0,0.00,0.00,0.00,0.0,0.000,94.7
ELS,Real Estate,C,15,0,0.00,15,1.00,0.00,0.00,0.0,0.565,80.5
ELV,Healthcare,C,1,0,0.00,1,1.00,0.00,0.00,0.0,1.557,78.5
ELVN,Healthcare,C,3,0,0.00,3,1.00,0.00,0.00,0.0,0.419,76.3
EMBJ,Industrials,C,3,0,0.00,3,1.00,0.00,0.00,0.0,0.045,73.3
EME,Industrials,C,1,0,0.00,1,1.00,0.00,0.00,0.0,1.303,80.0
EMN,Basic Materials,C,13,0,0.00,13,1.00,0.00,0.00,0.0,0.644,82.8
EMR,Industrials,C,9,0,0.00,9,1.00,0.00,0.00,0.0,0.076,79.4
ENB,Energy,C,23,0,0.00,23,1.00,0.00,0.00,0.0,0.602,86.9
ENLT,Utilities,C,1,0,0.00,1,1.00,0.00,0.00,0.0,0.853,70.0
ENPH,Energy,C,18,0,0.00,18,1.00,0.00,0.00,0.0,0.537,84.6
ENSG,Healthcare,C,1,0,0.00,1,1.00,0.00,0.00,0.0,0.565,73.5
ENTG,Technology,C,11,0,0.00,11,1.00,0.00,0.00,0.0,1.244,74.5
EOG,Energy,C,18,0,0.00,18,1.00,0.00,0.00,0.0,0.805,80.1
EPD,Energy,C,21,0,0.00,21,1.00,0.00,0.00,0.0,0.434,82.3
EPR,Real Estate,C,7,0,0.00,7,1.00,0.00,0.00,0.0,0.663,78.4
EPRT,Real Estate,C,14,0,0.00,14,1.00,0.00,0.00,0.0,0.094,77.2
EQIX,Real Estate,C,15,0,0.00,15,1.00,0.00,0.00,0.0,0.268,76.4
EQNR,Energy,C,24,0,0.00,24,1.00,0.00,0.00,0.0,1.622,84.0
EQT,Energy,C,24,0,0.00,24,1.00,0.00,0.00,0.0,0.678,83.8
EQX,Basic Materials,C,17,0,0.00,17,1.00,0.00,0.00,0.0,0.264,80.2
ERAS,Healthcare,C,16,0,0.00,16,1.00,0.00,0.00,0.0,1.026,80.8
ERIC,Technology,C,19,0,0.00,19,1.00,0.00,0.00,0.0,2.548,81.5
ERO,Basic Materials,C,9,0,0.00,9,1.00,0.00,0.00,0.0,0.231,78.9
ES,Utilities,C,21,0,0.00,21,1.00,0.00,0.00,0.0,0.536,83.7
ESI,Basic Materials,C,16,0,0.00,16,1.00,0.00,0.00,0.0,8.500,77.4
ESTA,Healthcare,C,2,0,0.00,2,1.00,0.00,0.00,0.0,28.319,85.0
ET,Energy,C,23,1,0.04,23,1.00,1.09,0.00,0.0,0.313,82.9
ETN,Industrials,C,12,0,0.00,12,1.00,0.00,0.00,0.0,0.841,84.7
ETR,Utilities,C,20,0,0.00,20,1.00,0.00,0.00,0.0,0.711,81.9
EVRG,Utilities,C,21,0,0.00,21,1.00,0.00,0.00,0.0,0.266,81.7
EW,Healthcare,C,9,0,0.00,9,1.00,0.00,0.00,0.0,0.803,83.3
EWBC,Financial Services,C,4,0,0.00,4,1.00,0.00,0.00,0.0,0.398,76.0
EWTX,Healthcare,C,12,0,0.00,12,1.00,0.00,0.00,0.0,1.012,77.0
EXAS,Healthcare,C,9,0,0.00,9,1.00,0.00,0.00,0.0,5.460,81.6
EXC,Utilities,C,20,0,0.00,20,1.00,0.00,0.00,0.0,1.668,80.8
EXE,Energy,C,12,0,0.00,12,1.00,0.00,0.00,0.0,2.248,84.4
EXEL,Healthcare,C,9,0,0.00,9,1.00,0.00,0.00,0.0,1.455,85.4
EXG,Financial Services,D,3,0,0.00,0,0.00,0.00,0.00,0.0,0.000,76.3
EXK,Basic Materials,C,15,0,0.00,15,1.00,0.00,0.00,0.0,0.226,80.1
EXP,Basic Materials,C,1,0,0.00,1,1.00,0.00,0.00,0.0,0.701,81.0
EXPD,Industrials,C,2,0,0.00,2,1.00,0.00,0.00,0.0,0.339,73.8
EXPE,Consumer Cyclical,C,1,0,0.00,1,1.00,0.00,0.00,0.0,0.469,79.0
EXPO,Industrials,C,1,0,0.00,1,1.00,0.00,0.00,0.0,0.557,76.0
EXR,Real Estate,C,7,0,0.00,7,1.00,0.00,0.00,0.0,0.724,88.1
EYE,Consumer Cyclical,C,6,0,0.00,6,1.00,0.00,0.00,0.0,1.057,85.4
F,Consumer Cyclical,C,3,0,0.00,3,1.00,0.00,0.00,0.0,0.480,94.1
FAF,Financial Services,C,13,0,0.00,13,1.00,0.00,0.00,0.0,0.318,81.0
FANG,Energy,C,21,0,0.00,21,1.00,0.00,0.00,0.0,0.295,80.6
FAST,Industrials,C,16,0,0.00,16,1.00,0.00,0.00,0.0,5.728,78.3
FBIN,Industrials,C,1,0,0.00,1,1.00,0.00,0.00,0.0,0.691,128.2
FBP,Financial Services,C,8,0,0.00,8,1.00,0.00,0.00,0.0,0.386,81.7
FCFS,Financial Services,C,5,0,0.00,5,1.00,0.00,0.00,0.0,0.809,77.7
FCN,Industrials,C,1,0,0.00,1,1.00,0.00,0.00,0.0,0.537,74.5
FCPT,Real Estate,C,3,0,0.00,3,1.00,0.00,0.00,0.0,3.611,73.2
FCX,Basic Materials,C,17,1,0.06,17,1.00,0.43,0.00,0.0,0.563,82.9
FDP,Consumer Defensive,C,1,0,0.00,1,1.00,0.00,0.00,0.0,3.857,81.5
FDX,Industrials,C,11,1,0.09,11,1.00,1.45,0.00,0.0,0.723,78.7
FE,Utilities,C,20,0,0.00,20,1.00,0.00,0.00,0.0,0.580,84.8
FELE,Industrials,C,1,0,0.00,1,1.00,0.00,0.00,0.0,0.127,85.0
FER,Industrials,C,6,0,0.00,6,1.00,0.00,0.00,0.0,0.707,76.4
FERG,Industrials,C,7,0,0.00,7,1.00,0.00,0.00,0.0,1.870,79.1
FFBC,Financial Services,C,6,0,0.00,6,1.00,0.00,0.00,0.0,0.404,72.2
FFIV,Technology,C,4,0,0.00,4,1.00,0.00,0.00,0.0,0.426,95.2
FHI,Financial Services,C,19,0,0.00,19,1.00,0.00,0.00,0.0,0.654,80.2
FHN,Financial Services,C,6,0,0.00,6,1.00,0.00,0.00,0.0,0.475,88.5
FIBK,Financial Services,C,3,0,0.00,3,1.00,0.00,0.00,0.0,0.252,77.5
FIGS,Consumer Cyclical,C,14,0,0.00,14,1.00,0.00,0.00,0.0,0.398,82.0
FIHL,Financial Services,D,2,0,0.00,0,0.00,0.00,0.00,0.0,0.000,78.0
FITB,Financial Services,C,4,0,0.00,4,1.00,0.00,0.00,0.0,0.677,75.9
FIVE,Consumer Cyclical,C,16,0,0.00,16,1.00,0.00,0.00,0.0,1.490,79.8
FIX,Industrials,C,4,0,0.00,4,1.00,0.00,0.00,0.0,0.873,79.8
FLEX,Technology,C,14,0,0.00,14,1.00,0.00,0.00,0.0,5.422,76.8
FLG,Financial Services,C,8,0,0.00,8,1.00,0.00,0.00,0.0,0.527,75.3
FLNC,Utilities,C,1,0,0.00,1,1.00,0.00,0.00,0.0,0.268,79.0
FLOC,Energy,D,2,0,0.00,0,0.00,0.00,0.00,0.0,0.000,76.0
FLR,Industrials,C,12,0,0.00,12,1.00,0.00,0.00,0.0,0.408,80.7
FLS,Industrials,C,8,0,0.00,8,1.00,0.00,0.00,0.0,1.078,83.5
FLY,Industrials,C,2,0,0.00,2,1.00,0.00,0.00,0.0,0.260,77.5
FMX,Consumer Defensive,C,1,0,0.00,1,1.00,0.00,0.00,0.0,3.788,70.0
FN,Technology,C,14,0,0.00,14,1.00,0.00,0.00,0.0,0.844,80.1
FNB,Financial Services,C,7,0,0.00,7,1.00,0.00,0.00,0.0,0.303,83.2
FNV,Basic Materials,C,8,0,0.00,8,1.00,0.00,0.00,0.0,0.678,79.2
FOLD,Healthcare,C,10,0,0.00,10,1.00,0.00,0.00,0.0,5.006,82.0
FORM,Technology,C,20,0,0.00,20,1.00,0.00,0.00,0.0,1.166,81.4
FR,Real Estate,C,16,0,0.00,16,1.00,0.00,0.00,0.0,0.026,82.1
FRME,Financial Services,C,1,0,0.00,1,1.00,0.00,0.00,0.0,0.500,75.0
FRO,Energy,C,22,1,0.05,22,1.00,2.82,0.00,0.0,0.344,82.7
FRPT,Consumer Defensive,C,8,0,0.00,8,1.00,0.00,0.00,0.0,1.582,85.8
FRT,Real Estate,C,9,0,0.00,9,1.00,0.00,0.00,0.0,8.735,76.5
FSLR,Energy,C,2,1,0.50,2,1.00,1.45,0.00,0.0,0.476,78.0
FSLY,Technology,C,20,3,0.15,20,1.00,0.67,0.49,0.0,0.320,82.4
FSM,Basic Materials,C,16,0,0.00,16,1.00,0.00,0.00,0.0,0.295,81.6
FTAI,Industrials,C,9,1,0.11,9,1.00,0.53,0.00,0.0,0.751,84.0
FTDR,Consumer Cyclical,C,6,0,0.00,6,1.00,0.00,0.00,0.0,2.760,82.0
FTI,Energy,C,25,0,0.00,25,1.00,0.00,0.00,0.0,0.948,82.4
FTS,Utilities,C,17,0,0.00,17,1.00,0.00,0.00,0.0,1.346,79.9
FTV,Technology,C,12,0,0.00,12,1.00,0.00,0.00,0.0,0.484,82.9
FUL,Basic Materials,C,1,0,0.00,1,1.00,0.00,0.00,0.0,13.172,77.0
FULT,Financial Services,C,8,0,0.00,8,1.00,0.00,0.00,0.0,0.608,75.9
GAP,Consumer Cyclical,C,4,1,0.25,4,1.00,0.62,0.00,0.0,0.554,94.9
GBCI,Financial Services,C,3,0,0.00,3,1.00,0.00,0.00,0.0,0.413,78.7
GCMG,Financial Services,C,1,0,0.00,1,1.00,0.00,0.00,0.0,0.050,71.5
GD,Industrials,C,13,0,0.00,13,1.00,0.00,0.00,0.0,0.691,82.5
GDS,Technology,C,9,0,0.00,9,1.00,0.00,0.00,0.0,1.030,76.7
GE,Industrials,C,13,0,0.00,13,1.00,0.00,0.00,0.0,0.489,82.7
GEHC,Healthcare,C,4,0,0.00,4,1.00,0.00,0.00,0.0,0.853,94.6
GEV,Utilities,C,24,3,0.12,24,1.00,0.40,0.68,5.0,0.370,81.9
GFI,Basic Materials,C,17,0,0.00,17,1.00,0.00,0.00,0.0,0.490,84.0
GFS,Technology,C,21,0,0.00,21,1.00,0.00,0.00,0.0,0.341,82.0
GGAL,Financial Services,C,1,0,0.00,1,1.00,0.00,0.00,0.0,0.660,71.5
GGG,Industrials,C,7,0,0.00,7,1.00,0.00,0.00,0.0,0.381,86.6
GH,Healthcare,C,1,0,0.00,1,1.00,0.00,0.00,0.0,6.573,75.0
GIL,Consumer Cyclical,C,4,0,0.00,4,1.00,0.00,0.00,0.0,1.154,78.5
GILD,Healthcare,C,10,0,0.00,10,1.00,0.00,0.00,0.0,0.409,82.6
GKOS,Healthcare,C,4,0,0.00,4,1.00,0.00,0.00,0.0,0.656,90.5
GLBE,Consumer Cyclical,C,1,0,0.00,1,1.00,0.00,0.00,0.0,4.361,77.0
GLNG,Energy,C,11,0,0.00,11,1.00,0.00,0.00,0.0,0.297,82.9
GLPI,Real Estate,C,10,0,0.00,10,1.00,0.00,0.00,0.0,0.528,79.7
GLW,Technology,C,22,5,0.23,22,1.00,0.63,1.84,6.0,0.624,80.5
GM,Consumer Cyclical,C,3,0,0.00,3,1.00,0.00,0.00,0.0,0.485,90.8
GMAB,Healthcare,C,3,0,0.00,3,1.00,0.00,0.00,0.0,0.238,71.0
GME,Consumer Cyclical,C,10,0,0.00,10,1.00,0.00,0.00,0.0,0.213,85.5
GMED,Healthcare,C,8,0,0.00,8,1.00,0.00,0.00,0.0,0.554,81.0
GNL,Real Estate,C,12,0,0.00,12,1.00,0.00,0.00,0.0,0.572,78.6
GNRC,Industrials,C,12,0,0.00,12,1.00,0.00,0.00,0.0,0.419,82.0
GNTX,Consumer Cyclical,C,1,0,0.00,1,1.00,0.00,0.00,0.0,0.321,73.0
GOLF,Consumer Cyclical,C,1,0,0.00,1,1.00,0.00,0.00,0.0,0.312,79.5
GOOG,Technology,C,9,3,0.33,9,1.00,0.11,0.75,0.0,0.414,74.5
GOOGL,Technology,C,9,6,0.67,9,1.00,0.09,0.85,2.5,0.494,75.3
GPN,Industrials,C,3,0,0.00,3,1.00,0.00,0.00,0.0,1.677,101.9
GPOR,Energy,C,1,0,0.00,1,1.00,0.00,0.00,0.0,0.761,136.5
GRAL,Healthcare,C,2,0,0.00,2,1.00,0.00,0.00,0.0,1.209,107.0
GRDN,Healthcare,C,7,0,0.00,7,1.00,0.00,0.00,0.0,1.378,86.9
GRMN,Technology,C,14,0,0.00,14,1.00,0.00,0.00,0.0,1.906,85.0
GS,Financial Services,C,3,0,0.00,3,1.00,0.00,0.00,0.0,1.021,75.8
GSAT,Communication Services,C,8,0,0.00,8,1.00,0.00,0.00,0.0,0.254,86.3
GSK,Healthcare,C,9,0,0.00,9,1.00,0.00,0.00,0.0,0.276,84.2
GTES,Industrials,C,4,0,0.00,4,1.00,0.00,0.00,0.0,0.489,95.1
GTLS,Industrials,C,5,0,0.00,5,1.00,0.00,0.00,0.0,5.106,74.7
GTX,Consumer Cyclical,C,16,0,0.00,16,1.00,0.00,0.00,0.0,0.231,83.8
GVA,Industrials,C,4,0,0.00,4,1.00,0.00,0.00,0.0,2.040,75.8
GXO,Industrials,C,7,0,0.00,7,1.00,0.00,0.00,0.0,0.310,82.4
H,Consumer Cyclical,C,5,0,0.00,5,1.00,0.00,0.00,0.0,0.555,79.7
HAFN,Industrials,C,13,0,0.00,13,1.00,0.00,0.00,0.0,0.210,80.5
HAL,Energy,C,19,0,0.00,19,1.00,0.00,0.00,0.0,0.442,84.1
HALO,Healthcare,C,2,0,0.00,2,1.00,0.00,0.00,0.0,0.295,101.0
HAS,Consumer Cyclical,C,12,0,0.00,12,1.00,0.00,0.00,0.0,0.159,78.6
HASI,Financial Services,C,11,0,0.00,11,1.00,0.00,0.00,0.0,0.711,76.9
HBAN,Financial Services,C,3,0,0.00,3,1.00,0.00,0.00,0.0,1.565,79.0
HBM,Basic Materials,C,14,0,0.00,14,1.00,0.00,0.00,0.0,0.672,82.9
HCA,Healthcare,C,13,0,0.00,13,1.00,0.00,0.00,0.0,0.444,77.6
HCC,Energy,C,14,0,0.00,14,1.00,0.00,0.00,0.0,0.689,84.6
HD,Consumer Cyclical,C,2,1,0.50,2,1.00,1.05,0.00,15.0,0.869,80.0
HE,Utilities,C,8,0,0.00,8,1.00,0.00,0.00,0.0,1.366,75.4
HEI,Industrials,C,3,0,0.00,3,1.00,0.00,0.00,0.0,0.479,78.7
HESM,Energy,C,23,0,0.00,23,1.00,0.00,0.00,0.0,0.461,82.7
HG,Financial Services,C,4,0,0.00,4,1.00,0.00,0.00,0.0,0.239,93.9
HIG,Financial Services,C,11,0,0.00,11,1.00,0.00,0.00,0.0,0.237,77.5
HII,Industrials,C,5,0,0.00,5,1.00,0.00,0.00,0.0,0.452,82.5
HL,Basic Materials,C,16,3,0.19,16,1.00,0.51,0.40,0.0,0.436,83.5
HLF,Consumer Defensive,C,3,0,0.00,3,1.00,0.00,0.00,0.0,1.315,77.8
HLIO,Industrials,C,2,0,0.00,2,1.00,0.00,0.00,0.0,0.697,74.2
HLN,Healthcare,C,5,0,0.00,5,1.00,0.00,0.00,0.0,0.071,85.9
HLT,Consumer Cyclical,C,13,0,0.00,13,1.00,0.00,0.00,0.0,0.719,81.1
HMY,Basic Materials,C,6,0,0.00,6,1.00,0.00,0.00,0.0,0.899,78.4
HOLX,Healthcare,C,11,0,0.00,11,1.00,0.00,0.00,0.0,10.087,73.1
HOMB,Financial Services,C,2,0,0.00,2,1.00,0.00,0.00,0.0,1.236,79.5
HON,Industrials,C,11,0,0.00,11,1.00,0.00,0.00,0.0,0.339,79.5
HP,Energy,C,22,0,0.00,22,1.00,0.00,0.00,0.0,0.283,84.7
HPE,Technology,C,5,0,0.00,5,1.00,0.00,0.00,0.0,0.767,86.8
HR,Real Estate,C,13,0,0.00,13,1.00,0.00,0.00,0.0,0.414,80.6
HRI,Industrials,C,3,0,0.00,3,1.00,0.00,0.00,0.0,0.683,95.5
HROW,Healthcare,C,1,0,0.00,1,1.00,0.00,0.00,0.0,1.156,135.0
HSAI,Consumer Cyclical,C,6,0,0.00,6,1.00,0.00,0.00,0.0,1.859,79.8
HSBC,Financial Services,C,10,0,0.00,10,1.00,0.00,0.00,0.0,1.022,79.9
HSIC,Healthcare,C,4,0,0.00,4,1.00,0.00,0.00,0.0,1.129,96.2
HST,Real Estate,C,12,0,0.00,12,1.00,0.00,0.00,0.0,1.529,79.0
HSY,Consumer Defensive,C,8,0,0.00,8,1.00,0.00,0.00,0.0,0.323,86.9
HTHT,Consumer Cyclical,C,3,0,0.00,3,1.00,0.00,0.00,0.0,2.502,78.2
HTO,Utilities,C,7,0,0.00,7,1.00,0.00,0.00,0.0,6.086,85.1
HUBB,Industrials,C,3,0,0.00,3,1.00,0.00,0.00,0.0,0.677,97.7
HUBG,Industrials,C,4,0,0.00,4,1.00,0.00,0.00,0.0,0.999,78.4
HUN,Basic Materials,C,12,0,0.00,12,1.00,0.00,0.00,0.0,0.801,83.7
HUT,Financial Services,C,7,0,0.00,7,1.00,0.00,0.00,0.0,0.479,73.6
HWC,Financial Services,C,2,0,0.00,2,1.00,0.00,0.00,0.0,0.366,72.2
HWM,Industrials,C,17,1,0.06,17,1.00,0.26,0.00,0.0,0.605,83.6
HXL,Industrials,C,14,0,0.00,14,1.00,0.00,0.00,0.0,0.215,82.5
HYMC,Basic Materials,C,9,1,0.11,9,1.00,0.82,0.00,0.0,0.578,79.5
IAC,Technology,C,16,0,0.00,16,1.00,0.00,0.00,0.0,1.758,84.0
IAG,Basic Materials,C,18,1,0.06,18,1.00,0.84,0.00,0.0,0.338,80.0
IBKR,Financial Services,C,7,0,0.00,7,1.00,0.00,0.00,0.0,0.851,79.1
IBRX,Healthcare,C,14,1,0.07,14,1.00,1.35,0.00,0.0,0.396,80.8
ICUI,Healthcare,C,2,0,0.00,2,1.00,0.00,0.00,0.0,0.701,85.5
IDA,Utilities,C,1,0,0.00,1,1.00,0.00,0.00,0.0,0.351,84.0
IDCC,Technology,C,1,0,0.00,1,1.00,0.00,0.00,0.0,1.013,70.0
IDYA,Healthcare,C,4,0,0.00,4,1.00,0.00,0.00,0.0,1.234,76.8
IE,Technology,C,5,0,0.00,5,1.00,0.00,0.00,0.0,8.062,76.0
IEX,Industrials,C,2,0,0.00,2,1.00,0.00,0.00,0.0,13.270,78.0
IFF,Basic Materials,C,8,0,0.00,8,1.00,0.00,0.00,0.0,0.698,80.2
IHG,Consumer Cyclical,D,1,0,0.00,0,0.00,0.00,0.00,0.0,0.000,80.5
IHS,Communication Services,C,19,0,0.00,19,1.00,0.00,0.00,0.0,0.309,83.1
ILMN,Healthcare,C,5,0,0.00,5,1.00,0.00,0.00,0.0,0.396,83.9
IMAX,Communication Services,C,12,0,0.00,12,1.00,0.00,0.00,0.0,5.788,84.9
IMNM,Healthcare,C,1,0,0.00,1,1.00,0.00,0.00,0.0,0.693,71.5
IMO,Energy,C,18,0,0.00,18,1.00,0.00,0.00,0.0,0.797,80.8
IMVT,Healthcare,C,6,0,0.00,6,1.00,0.00,0.00,0.0,2.404,86.9
INCY,Healthcare,C,3,0,0.00,3,1.00,0.00,0.00,0.0,0.655,95.2
INDV,Healthcare,C,1,0,0.00,1,1.00,0.00,0.00,0.0,0.386,76.0
ING,Financial Services,C,4,0,0.00,4,1.00,0.00,0.00,0.0,1.922,72.9
INGM,Technology,C,12,0,0.00,12,1.00,0.00,0.00,0.0,0.276,81.6
INSW,Energy,C,11,0,0.00,11,1.00,0.00,0.00,0.0,0.735,84.0
INTC,Technology,B,21,16,0.76,21,1.00,0.13,0.66,0.0,0.728,77.6
INTR,Financial Services,C,8,0,0.00,8,1.00,0.00,0.00,0.0,0.573,85.6
IPGP,Technology,C,7,0,0.00,7,1.00,0.00,0.00,0.0,0.450,85.1
IR,Industrials,C,7,0,0.00,7,1.00,0.00,0.00,0.0,0.625,86.2
IRDM,Communication Services,C,20,0,0.00,20,1.00,0.00,0.00,0.0,0.297,84.0
IREN,Financial Services,C,4,2,0.50,4,1.00,0.17,0.33,0.0,0.447,77.9
IRM,Real Estate,C,12,0,0.00,12,1.00,0.00,0.00,0.0,0.552,79.9
ITT,Industrials,C,8,0,0.00,8,1.00,0.00,0.00,0.0,1.742,83.9
ITUB,Financial Services,C,4,0,0.00,4,1.00,0.00,0.00,0.0,7.163,74.1
ITW,Industrials,C,9,0,0.00,9,1.00,0.00,0.00,0.0,0.606,83.1
IVT,Real Estate,C,2,0,0.00,2,1.00,0.00,0.00,0.0,1.000,78.5
IVZ,Financial Services,C,3,0,0.00,3,1.00,0.00,0.00,0.0,0.325,73.0
IX,Financial Services,D,4,0,0.00,0,0.00,0.00,0.00,0.0,0.000,71.9
JAZZ,Healthcare,C,11,0,0.00,11,1.00,0.00,0.00,0.0,1.207,79.5
JBHT,Industrials,C,9,0,0.00,9,1.00,0.00,0.00,0.0,4.679,82.0
JBL,Technology,C,14,1,0.07,14,1.00,0.40,0.00,0.0,2.946,82.4
JBLU,Industrials,C,6,0,0.00,6,1.00,0.00,0.00,0.0,0.668,78.6
JBS,Consumer Defensive,C,17,0,0.00,17,1.00,0.00,0.00,0.0,1.075,80.9
JBTM,Industrials,C,2,0,0.00,2,1.00,0.00,0.00,0.0,4.158,76.5
JCI,Industrials,C,12,0,0.00,12,1.00,0.00,0.00,0.0,0.935,80.6
JHG,Financial Services,C,23,0,0.00,23,1.00,0.00,0.00,0.0,0.687,76.9
JHX,Basic Materials,C,5,1,0.20,5,1.00,1.75,0.00,0.0,1.222,74.3
JKHY,Technology,C,2,0,0.00,2,1.00,0.00,0.00,0.0,0.455,73.8
JLL,Real Estate,C,1,0,0.00,1,1.00,0.00,0.00,0.0,3.717,77.0
JNJ,Healthcare,C,19,2,0.11,19,1.00,0.12,0.24,0.0,0.328,79.2
JXN,Financial Services,C,3,0,0.00,3,1.00,0.00,0.00,0.0,2.769,71.7
KC,Technology,C,8,0,0.00,8,1.00,0.00,0.00,0.0,1.457,73.2
KDP,Consumer Defensive,C,4,0,0.00,4,1.00,0.00,0.00,0.0,0.540,94.3
KEP,Utilities,C,5,0,0.00,5,1.00,0.00,0.00,0.0,1.726,79.8
KEX,Industrials,C,9,0,0.00,9,1.00,0.00,0.00,0.0,0.524,86.2
KEY,Financial Services,C,7,0,0.00,7,1.00,0.00,0.00,0.0,0.695,77.1
KEYS,Technology,C,16,0,0.00,16,1.00,0.00,0.00,0.0,1.744,81.0
KGC,Basic Materials,C,21,0,0.00,21,1.00,0.00,0.00,0.0,0.420,79.2
KGS,Energy,C,21,0,0.00,21,1.00,0.00,0.00,0.0,1.523,83.2
KIM,Real Estate,C,15,0,0.00,15,1.00,0.00,0.00,0.0,1.214,76.7
KLAC,Technology,C,14,0,0.00,14,1.00,0.00,0.00,0.0,1.482,77.9
KLIC,Technology,C,15,0,0.00,15,1.00,0.00,0.00,0.0,0.795,82.4
KMI,Energy,C,26,0,0.00,26,1.00,0.00,0.00,0.0,0.905,83.7
KMT,Industrials,C,13,0,0.00,13,1.00,0.00,0.00,0.0,0.286,82.2
KN,Technology,C,3,0,0.00,3,1.00,0.00,0.00,0.0,0.619,78.8
KNF,Basic Materials,C,4,0,0.00,4,1.00,0.00,0.00,0.0,0.587,74.9
KNSA,Healthcare,C,14,0,0.00,14,1.00,0.00,0.00,0.0,0.489,83.6
KNTK,Energy,C,22,0,0.00,22,1.00,0.00,0.00,0.0,0.452,85.3
KNX,Industrials,C,8,0,0.00,8,1.00,0.00,0.00,0.0,1.176,87.2
KO,Consumer Defensive,C,16,0,0.00,16,1.00,0.00,0.00,0.0,0.513,79.5
KOD,Healthcare,C,3,0,0.00,3,1.00,0.00,0.00,0.0,1.292,73.7
KOF,Consumer Defensive,C,1,0,0.00,1,1.00,0.00,0.00,0.0,0.304,72.0
KR,Consumer Defensive,C,12,0,0.00,12,1.00,0.00,0.00,0.0,0.481,82.1
KRG,Real Estate,C,10,0,0.00,10,1.00,0.00,0.00,0.0,24.607,76.5
KRMN,Industrials,C,15,0,0.00,15,1.00,0.00,0.00,0.0,0.968,79.6
KSS,Consumer Cyclical,C,2,0,0.00,2,1.00,0.00,0.00,0.0,0.408,74.5
KT,Communication Services,C,10,0,0.00,10,1.00,0.00,0.00,0.0,0.408,85.1
KTB,Consumer Cyclical,C,4,0,0.00,4,1.00,0.00,0.00,0.0,0.933,82.9
KTOS,Industrials,C,13,1,0.08,13,1.00,0.53,0.00,0.0,0.547,76.3
KVUE,Consumer Defensive,C,2,0,0.00,2,1.00,0.00,0.00,0.0,0.372,114.2
KYIV,Communication Services,C,1,0,0.00,1,1.00,0.00,0.00,0.0,4.250,70.5
KYMR,Healthcare,C,7,0,0.00,7,1.00,0.00,0.00,0.0,0.850,74.5
KYN,Financial Services,C,1,0,0.00,1,1.00,0.00,0.00,0.0,0.269,70.0
L,Financial Services,C,3,0,0.00,3,1.00,0.00,0.00,0.0,0.713,78.3
LAMR,Real Estate,C,7,0,0.00,7,1.00,0.00,0.00,0.0,4.905,87.5
LASR,Technology,C,18,0,0.00,18,1.00,0.00,0.00,0.0,0.215,81.6
LAUR,Consumer Defensive,C,10,0,0.00,10,1.00,0.00,0.00,0.0,0.185,85.8
LB,Energy,C,7,0,0.00,7,1.00,0.00,0.00,0.0,0.810,87.1
LBRT,Energy,C,16,0,0.00,16,1.00,0.00,0.00,0.0,2.437,79.8
LBTYK,Communication Services,C,18,0,0.00,18,1.00,0.00,0.00,0.0,0.181,81.4
LCII,Consumer Cyclical,C,2,0,0.00,2,1.00,0.00,0.00,0.0,0.384,74.8
LDOS,Technology,C,1,0,0.00,1,1.00,0.00,0.00,0.0,0.895,70.0
LEA,Consumer Cyclical,C,1,0,0.00,1,1.00,0.00,0.00,0.0,0.444,71.5
LEVI,Consumer Cyclical,C,3,0,0.00,3,1.00,0.00,0.00,0.0,3.527,75.5
LFST,Healthcare,C,3,0,0.00,3,1.00,0.00,0.00,0.0,0.518,93.7
LFUS,Technology,C,2,0,0.00,2,1.00,0.00,0.00,0.0,0.593,79.0
LGN,Industrials,C,20,0,0.00,20,1.00,0.00,0.00,0.0,0.135,80.2
LH,Healthcare,C,5,0,0.00,5,1.00,0.00,0.00,0.0,0.244,84.7
LHX,Industrials,C,18,1,0.06,18,1.00,0.27,0.00,0.0,0.578,82.9
LII,Industrials,C,1,0,0.00,1,1.00,0.00,0.00,0.0,0.608,80.5
LIN,Basic Materials,C,17,0,0.00,17,1.00,0.00,0.00,0.0,1.538,80.4
LINE,Real Estate,C,6,0,0.00,6,1.00,0.00,0.00,0.0,4.474,87.0
LION,Communication Services,C,15,0,0.00,15,1.00,0.00,0.00,0.0,0.287,84.7
LITE,Technology,A,26,21,0.81,26,1.00,0.24,0.99,2.9,0.050,80.1
LIVN,Healthcare,C,8,0,0.00,8,1.00,0.00,0.00,0.0,0.262,82.7
LKQ,Consumer Cyclical,C,3,0,0.00,3,1.00,0.00,0.00,0.0,0.946,79.0
LLY,Healthcare,C,4,1,0.25,4,1.00,0.10,0.00,0.0,0.339,91.2
LLYVK,Communication Services,C,2,0,0.00,2,1.00,0.00,0.00,0.0,0.620,110.4
LMAT,Healthcare,C,2,0,0.00,2,1.00,0.00,0.00,0.0,1.427,75.5
LMT,Industrials,C,15,4,0.27,15,1.00,0.55,0.70,7.5,0.474,83.0
LNG,Energy,C,22,4,0.18,22,1.00,0.17,0.13,0.0,0.625,84.4
LNT,Utilities,C,20,0,0.00,20,1.00,0.00,0.00,0.0,0.642,81.8
LNTH,Healthcare,C,10,0,0.00,10,1.00,0.00,0.00,0.0,0.296,76.3
LOAR,Industrials,C,1,0,0.00,1,1.00,0.00,0.00,0.0,1.891,73.0
LOW,Consumer Cyclical,C,2,0,0.00,2,1.00,0.00,0.00,0.0,3.360,71.0
LPL,Technology,C,3,0,0.00,3,1.00,0.00,0.00,0.0,14.983,74.7
LQDA,Healthcare,C,7,0,0.00,7,1.00,0.00,0.00,0.0,0.872,84.6
LRCX,Technology,C,15,0,0.00,15,1.00,0.00,0.00,0.0,0.821,77.9
LSCC,Technology,C,21,0,0.00,21,1.00,0.00,0.00,0.0,0.292,79.2
LSTR,Industrials,C,4,0,0.00,4,1.00,0.00,0.00,0.0,1.071,93.6
LTH,Consumer Cyclical,C,1,0,0.00,1,1.00,0.00,0.00,0.0,0.103,75.0
LTM,Industrials,C,3,0,0.00,3,1.00,0.00,0.00,0.0,0.179,71.7
LUMN,Communication Services,C,2,0,0.00,2,1.00,0.00,0.00,0.0,0.373,73.8
LUNR,Industrials,C,17,0,0.00,17,1.00,0.00,0.00,0.0,0.519,84.5
LUV,Industrials,C,4,0,0.00,4,1.00,0.00,0.00,0.0,0.880,72.0
LXP,Real Estate,C,3,0,0.00,3,1.00,0.00,0.00,0.0,0.287,73.2
LYB,Basic Materials,C,19,0,0.00,19,1.00,0.00,0.00,0.0,0.888,80.7
LYG,Financial Services,C,7,0,0.00,7,1.00,0.00,0.00,0.0,2.078,73.4
LYV,Communication Services,C,14,0,0.00,14,1.00,0.00,0.00,0.0,0.811,81.8
M,Consumer Cyclical,C,4,0,0.00,4,1.00,0.00,0.00,0.0,0.759,74.4
MAC,Real Estate,C,12,0,0.00,12,1.00,0.00,0.00,0.0,1.110,85.6
MAR,Consumer Cyclical,C,7,0,0.00,7,1.00,0.00,0.00,0.0,0.828,83.6
MAS,Industrials,C,4,0,0.00,4,1.00,0.00,0.00,0.0,1.262,74.0
MASI,Healthcare,C,8,0,0.00,8,1.00,0.00,0.00,0.0,1.116,75.0
MAZE,Healthcare,C,2,0,0.00,2,1.00,0.00,0.00,0.0,1.506,102.6
MCD,Consumer Cyclical,C,12,0,0.00,12,1.00,0.00,0.00,0.0,0.723,82.6
MCHP,Technology,C,6,0,0.00,6,1.00,0.00,0.00,0.0,0.095,75.0
MCK,Healthcare,C,5,0,0.00,5,1.00,0.00,0.00,0.0,0.661,88.4
MCW,Consumer Cyclical,C,10,0,0.00,10,1.00,0.00,0.00,0.0,1.155,74.6
MDB,Technology,C,1,0,0.00,1,1.00,0.00,0.00,0.0,0.621,74.5
MDLN,Healthcare,C,2,0,0.00,2,1.00,0.00,0.00,0.0,0.287,77.5
MDT,Healthcare,C,2,0,0.00,2,1.00,0.00,0.00,0.0,0.962,72.8
MDU,Industrials,C,12,0,0.00,12,1.00,0.00,0.00,0.0,0.831,80.5
MEOH,Basic Materials,C,18,0,0.00,18,1.00,0.00,0.00,0.0,0.399,82.3
MET,Financial Services,C,2,0,0.00,2,1.00,0.00,0.00,0.0,0.621,79.0
MFC,Financial Services,C,1,0,0.00,1,1.00,0.00,0.00,0.0,0.512,84.5
MFG,Financial Services,C,7,0,0.00,7,1.00,0.00,0.00,0.0,1.331,76.2
MGA,Consumer Cyclical,C,6,0,0.00,6,1.00,0.00,0.00,0.0,0.235,85.1
MGM,Consumer Cyclical,C,17,0,0.00,17,1.00,0.00,0.00,0.0,0.988,76.9
MGY,Energy,C,24,0,0.00,24,1.00,0.00,0.00,0.0,0.904,81.8
MHK,Consumer Cyclical,C,2,0,0.00,2,1.00,0.00,0.00,0.0,0.113,76.0
MIDD,Industrials,C,3,0,0.00,3,1.00,0.00,0.00,0.0,1.108,73.8
MIRM,Healthcare,C,6,0,0.00,6,1.00,0.00,0.00,0.0,0.834,77.4
MKC,Consumer Defensive,C,2,0,0.00,2,1.00,0.00,0.00,0.0,1.588,110.0
MKSI,Technology,C,18,0,0.00,18,1.00,0.00,0.00,0.0,0.261,81.2
MKTX,Financial Services,C,2,0,0.00,2,1.00,0.00,0.00,0.0,0.229,74.0
MLI,Industrials,C,5,0,0.00,5,1.00,0.00,0.00,0.0,0.473,90.5
MLM,Basic Materials,C,5,0,0.00,5,1.00,0.00,0.00,0.0,0.863,78.7
MMM,Industrials,C,2,0,0.00,2,1.00,0.00,0.00,0.0,0.529,81.2
MNR,Energy,C,1,0,0.00,1,1.00,0.00,0.00,0.0,0.026,83.5
MNST,Consumer Defensive,C,4,0,0.00,4,1.00,0.00,0.00,0.0,1.560,73.9
MO,Consumer Defensive,C,17,1,0.06,17,1.00,0.38,0.00,0.0,0.461,76.5
MOD,Consumer Cyclical,C,20,1,0.05,20,1.00,4.01,0.00,0.0,0.639,78.5
MOS,Basic Materials,C,1,0,0.00,1,1.00,0.00,0.00,0.0,0.106,129.8
MP,Basic Materials,C,7,0,0.00,7,1.00,0.00,0.00,0.0,0.547,87.7
MPC,Energy,C,20,0,0.00,20,1.00,0.00,0.00,0.0,0.893,84.1
MPLX,Energy,C,24,1,0.04,24,1.00,10.99,0.00,15.0,0.609,82.7
MPWR,Technology,C,4,0,0.00,4,1.00,0.00,0.00,0.0,0.843,78.4
MRCY,Industrials,C,1,0,0.00,1,1.00,0.00,0.00,0.0,2.074,79.5
MRK,Healthcare,C,13,0,0.00,13,1.00,0.00,0.00,0.0,0.675,79.9
MRNA,Healthcare,C,16,1,0.06,16,1.00,0.30,0.00,0.0,0.279,83.4
MRP,Real Estate,C,2,0,0.00,2,1.00,0.00,0.00,0.0,0.690,85.8
MRVL,Technology,C,14,3,0.21,14,1.00,0.12,0.42,0.0,0.591,85.1
MRX,Financial Services,C,3,0,0.00,3,1.00,0.00,0.00,0.0,1.245,76.7
MS,Financial Services,C,3,0,0.00,3,1.00,0.00,0.00,0.0,0.760,74.0
MSCI,Financial Services,C,1,0,0.00,1,1.00,0.00,0.00,0.0,1.007,81.0
MSGS,Communication Services,C,1,0,0.00,1,1.00,0.00,0.00,0.0,0.505,74.5
MSI,Technology,C,16,0,0.00,16,1.00,0.00,0.00,0.0,0.545,81.7
MSM,Industrials,C,7,0,0.00,7,1.00,0.00,0.00,0.0,0.898,86.6
MT,Basic Materials,C,13,0,0.00,13,1.00,0.00,0.00,0.0,0.661,77.3
MTB,Financial Services,C,7,0,0.00,7,1.00,0.00,0.00,0.0,0.455,74.3
MTDR,Energy,C,17,0,0.00,17,1.00,0.00,0.00,0.0,0.758,80.1
MTSI,Technology,C,14,0,0.00,14,1.00,0.00,0.00,0.0,0.497,77.5
MTZ,Industrials,C,16,0,0.00,16,1.00,0.00,0.00,0.0,0.749,81.5
MU,Technology,B,18,18,1.00,18,1.00,0.28,0.60,15.0,0.170,80.3
MUFG,Financial Services,C,9,0,0.00,9,1.00,0.00,0.00,0.0,6.124,73.8
MUR,Energy,C,23,0,0.00,23,1.00,0.00,0.00,0.0,0.418,83.6
MUSA,Consumer Cyclical,C,2,0,0.00,2,1.00,0.00,0.00,0.0,6.515,106.1
MWA,Industrials,C,11,0,0.00,11,1.00,0.00,0.00,0.0,0.538,82.8
MYRG,Industrials,C,1,0,0.00,1,1.00,0.00,0.00,0.0,0.650,82.5
NAD,Financial Services,D,3,0,0.00,0,0.00,0.00,0.00,0.0,0.000,76.8
NAMS,Healthcare,C,2,0,0.00,2,1.00,0.00,0.00,0.0,0.040,106.6
NATL,Technology,C,9,0,0.00,9,1.00,0.00,0.00,0.0,2.365,81.2
NBIS,Communication Services,C,23,6,0.26,23,1.00,0.20,0.36,0.0,0.501,80.8
NCLH,Consumer Cyclical,C,1,0,0.00,1,1.00,0.00,0.00,0.0,0.632,84.0
NDSN,Industrials,C,3,0,0.00,3,1.00,0.00,0.00,0.0,0.507,79.0
NE,Energy,C,23,0,0.00,23,1.00,0.00,0.00,0.0,0.330,85.9
NEE,Utilities,C,23,1,0.04,23,1.00,0.70,0.00,0.0,0.415,80.5
NEM,Basic Materials,C,16,3,0.19,16,1.00,0.30,0.67,0.0,0.418,80.9
NEOG,Healthcare,C,7,0,0.00,7,1.00,0.00,0.00,0.0,0.465,76.9
NESR,Energy,C,20,0,0.00,17,0.85,0.00,0.00,0.0,0.037,82.3
NET,Technology,C,10,0,0.00,10,1.00,0.00,0.00,0.0,0.699,83.0
NEXT,Energy,C,3,0,0.00,3,1.00,0.00,0.00,0.0,0.137,95.4
NFG,Energy,C,18,0,0.00,18,1.00,0.00,0.00,0.0,0.517,87.4
NG,Basic Materials,C,13,0,0.00,13,1.00,0.00,0.00,0.0,0.299,82.1
NGD,Basic Materials,C,11,0,0.00,11,1.00,0.00,0.00,0.0,0.284,85.2
NGG,Utilities,C,14,0,0.00,14,1.00,0.00,0.00,0.0,2.217,79.2
NGVT,Basic Materials,C,1,0,0.00,1,1.00,0.00,0.00,0.0,0.245,127.5
NHI,Real Estate,C,2,0,0.00,2,1.00,0.00,0.00,0.0,0.183,80.5
NI,Utilities,C,22,0,0.00,22,1.00,0.00,0.00,0.0,0.881,82.7
NIO,Consumer Cyclical,C,14,0,0.00,14,1.00,0.00,0.00,0.0,0.294,81.5
NLY,Real Estate,C,9,1,0.11,9,1.00,0.84,0.00,0.0,0.922,76.7
NMR,Financial Services,C,7,0,0.00,7,1.00,0.00,0.00,0.0,1.784,75.7
NN,Communication Services,C,15,0,0.00,15,1.00,0.00,0.00,0.0,0.281,83.9
NNN,Real Estate,C,11,0,0.00,11,1.00,0.00,0.00,0.0,1.359,78.3
NOC,Industrials,C,10,0,0.00,10,1.00,0.00,0.00,0.0,0.880,81.1
NOG,Energy,C,20,0,0.00,20,1.00,0.00,0.00,0.0,0.325,84.3
NOK,Technology,C,23,1,0.04,23,1.00,0.72,0.00,0.0,0.531,79.0
NOV,Energy,C,26,0,0.00,26,1.00,0.00,0.00,0.0,0.374,82.0
NOVT,Technology,C,2,0,0.00,2,1.00,0.00,0.00,0.0,0.235,74.5
NRG,Utilities,C,6,0,0.00,6,1.00,0.00,0.00,0.0,0.864,77.3
NSA,Real Estate,C,13,0,0.00,13,1.00,0.00,0.00,0.0,0.657,80.4
NSC,Industrials,C,9,0,0.00,9,1.00,0.00,0.00,0.0,0.401,84.0
NTCT,Technology,C,12,0,0.00,12,1.00,0.00,0.00,0.0,12.346,78.4
NTR,Basic Materials,C,25,0,0.00,25,1.00,0.00,0.00,0.0,0.436,82.2
NTRA,Healthcare,C,1,0,0.00,1,1.00,0.00,0.00,0.0,0.635,80.5
NTRS,Financial Services,C,1,0,0.00,1,1.00,0.00,0.00,0.0,0.866,70.0
NUE,Basic Materials,C,11,0,0.00,11,1.00,0.00,0.00,0.0,0.631,75.0
NUVL,Healthcare,C,3,0,0.00,3,1.00,0.00,0.00,0.0,1.618,77.2
NVDA,Technology,C,11,11,1.00,11,1.00,0.24,0.61,31.4,0.505,86.5
NVMI,Technology,C,3,0,0.00,3,1.00,0.00,0.00,0.0,0.843,94.0
NVS,Healthcare,C,10,0,0.00,10,1.00,0.00,0.00,0.0,1.626,79.1
NVST,Healthcare,C,7,0,0.00,7,1.00,0.00,0.00,0.0,0.401,87.9
NVT,Industrials,C,18,0,0.00,18,1.00,0.00,0.00,0.0,0.772,77.9
NVTS,Technology,C,12,0,0.00,12,1.00,0.00,0.00,0.0,0.409,84.3
NWE,Utilities,C,8,0,0.00,8,1.00,0.00,0.00,0.0,0.704,83.7
NXE,Energy,C,18,0,0.00,18,1.00,0.00,0.00,0.0,0.710,81.6
NXPI,Technology,C,5,0,0.00,5,1.00,0.00,0.00,0.0,0.428,77.3
NXST,Communication Services,C,2,0,0.00,2,1.00,0.00,0.00,0.0,0.235,110.0
NXT,Technology,C,17,0,0.00,17,1.00,0.00,0.00,0.0,0.943,80.3
NYT,Communication Services,C,24,0,0.00,24,1.00,0.00,0.00,0.0,10.180,79.5
NZF,Financial Services,D,2,0,0.00,0,0.00,0.00,0.00,0.0,0.000,73.0
O,Real Estate,C,13,0,0.00,13,1.00,0.00,0.00,0.0,0.475,77.8
ODFL,Industrials,C,8,0,0.00,8,1.00,0.00,0.00,0.0,1.146,84.0
OGE,Utilities,C,16,0,0.00,16,1.00,0.00,0.00,0.0,1.507,81.3
OGS,Utilities,C,3,0,0.00,3,1.00,0.00,0.00,0.0,0.302,99.8
OHI,Real Estate,C,10,0,0.00,10,1.00,0.00,0.00,0.0,2.019,78.3
OI,Consumer Cyclical,C,3,0,0.00,3,1.00,0.00,0.00,0.0,0.596,74.8
OII,Energy,C,23,0,0.00,23,1.00,0.00,0.00,0.0,0.170,82.6
OKE,Energy,C,19,0,0.00,19,1.00,0.00,0.00,0.0,0.510,82.2
OLN,Basic Materials,C,20,0,0.00,20,1.00,0.00,0.00,0.0,0.221,81.0
OMC,Communication Services,C,12,0,0.00,12,1.00,0.00,0.00,0.0,3.245,82.2
ON,Technology,C,11,0,0.00,11,1.00,0.00,0.00,0.0,0.436,74.7
ONB,Financial Services,C,4,0,0.00,4,1.00,0.00,0.00,0.0,0.346,80.8
ONDS,Technology,C,11,1,0.09,11,1.00,0.30,0.00,0.0,0.380,80.0
ONON,Consumer Cyclical,C,2,0,0.00,2,1.00,0.00,0.00,0.0,0.534,105.8
ONTO,Technology,C,13,2,0.15,13,1.00,0.60,0.20,0.0,0.759,78.7
OPCH,Healthcare,C,3,0,0.00,3,1.00,0.00,0.00,0.0,0.950,94.7
OPEN,Real Estate,C,1,0,0.00,1,1.00,0.00,0.00,0.0,0.234,70.0
OPLN,Consumer Cyclical,C,2,0,0.00,2,1.00,0.00,0.00,0.0,0.157,78.2
OR,Basic Materials,C,20,0,0.00,20,1.00,0.00,0.00,0.0,0.333,84.7
ORA,Utilities,C,6,0,0.00,6,1.00,0.00,0.00,0.0,0.151,83.8
ORI,Financial Services,C,3,0,0.00,3,1.00,0.00,0.00,0.0,0.636,70.7
ORLA,Basic Materials,C,17,0,0.00,17,1.00,0.00,0.00,0.0,1.455,76.6
OS,Technology,C,18,0,0.00,18,1.00,0.00,0.00,0.0,1.268,81.1
OSIS,Technology,C,2,0,0.00,2,1.00,0.00,0.00,0.0,1.168,76.2
OSK,Industrials,C,7,0,0.00,7,1.00,0.00,0.00,0.0,1.220,79.1
OSW,Consumer Cyclical,C,11,0,0.00,11,1.00,0.00,0.00,0.0,0.707,75.8
OTIS,Industrials,C,5,0,0.00,5,1.00,0.00,0.00,0.0,0.720,79.1
OUT,Real Estate,C,10,0,0.00,10,1.00,0.00,0.00,0.0,0.407,81.5
OVV,Energy,C,23,0,0.00,23,1.00,0.00,0.00,0.0,0.467,82.1
OXY,Energy,C,25,2,0.08,25,1.00,0.34,0.46,0.0,0.295,82.8
OZK,Financial Services,C,4,0,0.00,4,1.00,0.00,0.00,0.0,0.847,79.0
PAA,Energy,C,26,0,0.00,26,1.00,0.00,0.00,0.0,0.752,85.0
PAAS,Basic Materials,C,19,1,0.05,19,1.00,2.73,0.00,0.0,0.339,85.2
PACS,Financial Services,C,5,0,0.00,5,1.00,0.00,0.00,0.0,0.141,89.0
PAGP,Energy,C,23,0,0.00,23,1.00,0.00,0.00,0.0,4.024,78.2
PAGS,Technology,C,10,0,0.00,10,1.00,0.00,0.00,0.0,0.360,84.8
PAHC,Healthcare,C,1,0,0.00,1,1.00,0.00,0.00,0.0,0.274,73.5
PAM,Utilities,C,1,0,0.00,1,1.00,0.00,0.00,0.0,1.184,79.0
PARR,Energy,C,20,1,0.05,20,1.00,1.26,0.00,0.0,0.921,84.6
PATK,Consumer Cyclical,C,1,0,0.00,1,1.00,0.00,0.00,0.0,1.810,72.0
PB,Financial Services,C,2,0,0.00,2,1.00,0.00,0.00,0.0,0.272,73.5
PBA,Energy,C,18,0,0.00,18,1.00,0.00,0.00,0.0,0.715,80.4
PBF,Energy,C,17,0,0.00,17,1.00,0.00,0.00,0.0,0.799,86.8
PBR,Energy,C,19,2,0.11,19,1.00,0.60,0.83,0.0,0.345,83.4
PCAR,Industrials,C,6,0,0.00,6,1.00,0.00,0.00,0.0,0.332,81.6
PCG,Utilities,C,20,0,0.00,20,1.00,0.00,0.00,0.0,0.440,81.0
PCVX,Healthcare,C,11,0,0.00,11,1.00,0.00,0.00,0.0,5.048,80.7
PECO,Real Estate,C,17,0,0.00,17,1.00,0.00,0.00,0.0,0.120,78.5
PEG,Utilities,C,13,0,0.00,13,1.00,0.00,0.00,0.0,0.491,80.5
PEN,Healthcare,C,4,0,0.00,4,1.00,0.00,0.00,0.0,0.658,77.5
PEP,Consumer Defensive,C,13,0,0.00,13,1.00,0.00,0.00,0.0,0.557,75.9
PFE,Healthcare,C,19,0,0.00,19,1.00,0.00,0.00,0.0,0.415,80.4
PFG,Financial Services,C,3,0,0.00,3,1.00,0.00,0.00,0.0,6.951,74.8
PFGC,Consumer Defensive,C,4,0,0.00,4,1.00,0.00,0.00,0.0,2.641,75.8
PFS,Financial Services,C,6,0,0.00,6,1.00,0.00,0.00,0.0,0.025,73.2
PG,Consumer Defensive,C,8,0,0.00,8,1.00,0.00,0.00,0.0,0.472,85.9
PH,Industrials,C,7,0,0.00,7,1.00,0.00,0.00,0.0,1.065,86.2
PHG,Healthcare,C,8,0,0.00,8,1.00,0.00,0.00,0.0,0.663,79.2
PHIN,Consumer Cyclical,C,1,0,0.00,1,1.00,0.00,0.00,0.0,1.081,82.5
PHM,Consumer Cyclical,C,8,0,0.00,8,1.00,0.00,0.00,0.0,0.560,77.9
PHYS,Financial Services,C,9,2,0.22,1,0.11,1.42,0.46,0.0,0.667,75.5
PII,Consumer Cyclical,C,2,0,0.00,2,1.00,0.00,0.00,0.0,0.430,72.5
PK,Real Estate,C,7,0,0.00,7,1.00,0.00,0.00,0.0,0.269,81.5
PKG,Consumer Cyclical,C,6,0,0.00,6,1.00,0.00,0.00,0.0,3.067,82.0
PL,Industrials,C,18,4,0.22,18,1.00,1.14,0.44,3.8,0.713,81.0
PLAB,Technology,C,13,0,0.00,13,1.00,0.00,0.00,0.0,0.266,81.1
PLD,Real Estate,C,13,0,0.00,13,1.00,0.00,0.00,0.0,1.246,79.4
PLXS,Technology,C,1,0,0.00,1,1.00,0.00,0.00,0.0,0.682,134.2
PM,Consumer Defensive,C,9,0,0.00,9,1.00,0.00,0.00,0.0,0.754,85.8
PNC,Financial Services,C,6,0,0.00,6,1.00,0.00,0.00,0.0,1.238,73.2
PNFP,Financial Services,C,3,0,0.00,3,1.00,0.00,0.00,0.0,0.573,83.2
PNW,Utilities,C,14,0,0.00,14,1.00,0.00,0.00,0.0,0.900,80.0
POR,Utilities,C,17,0,0.00,17,1.00,0.00,0.00,0.0,2.740,80.4
POST,Consumer Defensive,C,1,0,0.00,1,1.00,0.00,0.00,0.0,0.556,76.0
POWI,Technology,C,19,0,0.00,19,1.00,0.00,0.00,0.0,0.836,82.1
PPC,Consumer Defensive,C,1,0,0.00,1,1.00,0.00,0.00,0.0,0.821,81.0
PPG,Basic Materials,C,4,0,0.00,4,1.00,0.00,0.00,0.0,0.419,89.3
PPL,Utilities,C,19,0,0.00,19,1.00,0.00,0.00,0.0,0.635,83.6
PPTA,Basic Materials,C,14,0,0.00,14,1.00,0.00,0.00,0.0,0.724,79.2
PR,Energy,C,21,0,0.00,21,1.00,0.00,0.00,0.0,0.261,83.4
PRAX,Healthcare,C,3,0,0.00,3,1.00,0.00,0.00,0.0,0.815,77.3
PRDO,Consumer Defensive,C,14,0,0.00,14,1.00,0.00,0.00,0.0,6.633,81.9
PRIM,Industrials,C,7,0,0.00,7,1.00,0.00,0.00,0.0,0.943,84.9
PRM,Basic Materials,C,3,0,0.00,3,1.00,0.00,0.00,0.0,0.241,94.0
PRVA,Healthcare,C,4,0,0.00,4,1.00,0.00,0.00,0.0,0.864,72.4
PSA,Real Estate,C,9,0,0.00,9,1.00,0.00,0.00,0.0,0.866,76.3
PSIX,Industrials,C,1,0,0.00,1,1.00,0.00,0.00,0.0,0.661,86.5
PSLV,Financial Services,C,6,4,0.67,0,0.00,1.31,1.25,0.0,0.000,78.8
PSTG,Technology,C,1,0,0.00,1,1.00,0.00,0.00,0.0,0.506,89.5
PSX,Energy,C,22,1,0.05,22,1.00,0.43,0.00,0.0,0.319,83.1
PTEN,Energy,C,27,0,0.00,27,1.00,0.00,0.00,0.0,1.197,81.5
PTGX,Healthcare,C,12,0,0.00,12,1.00,0.00,0.00,0.0,0.419,82.4
PVH,Consumer Cyclical,C,1,0,0.00,1,1.00,0.00,0.00,0.0,0.868,70.5
PWR,Industrials,C,12,1,0.08,12,1.00,1.16,0.00,15.0,1.707,83.3
Q,Technology,C,23,0,0.00,23,1.00,0.00,0.00,0.0,1.091,78.8
QGEN,Healthcare,C,1,0,0.00,1,1.00,0.00,0.00,0.0,1.230,76.5
QMMM,Communication Services,D,32,0,0.00,0,0.00,0.00,0.00,0.0,0.000,78.9
QSR,Consumer Cyclical,C,16,0,0.00,16,1.00,0.00,0.00,0.0,0.317,82.5
QXO,Industrials,C,5,0,0.00,5,1.00,0.00,0.00,0.0,1.345,76.6
RAL,Industrials,C,1,0,0.00,1,1.00,0.00,0.00,0.0,0.352,73.0
RCI,Communication Services,C,16,0,0.00,16,1.00,0.00,0.00,0.0,0.707,83.6
RCL,Consumer Cyclical,C,3,0,0.00,3,1.00,0.00,0.00,0.0,0.625,95.4
RCUS,Healthcare,C,5,0,0.00,5,1.00,0.00,0.00,0.0,0.463,76.1
RDN,Financial Services,C,1,0,0.00,1,1.00,0.00,0.00,0.0,0.294,73.0
RDNT,Healthcare,C,2,0,0.00,2,1.00,0.00,0.00,0.0,0.800,71.0
RDY,Healthcare,C,9,0,0.00,9,1.00,0.00,0.00,0.0,0.505,86.9
REAL,Consumer Cyclical,C,1,0,0.00,1,1.00,0.00,0.00,0.0,0.066,82.0
REG,Real Estate,C,16,0,0.00,16,1.00,0.00,0.00,0.0,0.779,78.8
REGN,Healthcare,C,9,0,0.00,9,1.00,0.00,0.00,0.0,0.800,86.2
RELY,Technology,C,11,0,0.00,11,1.00,0.00,0.00,0.0,0.968,83.1
RERE,Consumer Cyclical,D,2,0,0.00,0,0.00,0.00,0.00,0.0,0.000,98.5
REZI,Industrials,C,6,0,0.00,6,1.00,0.00,0.00,0.0,2.473,72.9
RF,Financial Services,C,4,0,0.00,4,1.00,0.00,0.00,0.0,0.964,75.6
RGA,Financial Services,C,2,0,0.00,2,1.00,0.00,0.00,0.0,0.800,72.2
RGC,Healthcare,C,2,0,0.00,2,1.00,0.00,0.00,0.0,0.685,70.8
RGLD,Basic Materials,C,17,0,0.00,17,1.00,0.00,0.00,0.0,0.766,82.0
RH,Consumer Cyclical,C,3,0,0.00,3,1.00,0.00,0.00,0.0,0.457,74.2
RHP,Real Estate,C,4,0,0.00,4,1.00,0.00,0.00,0.0,0.671,78.9
RIG,Energy,C,21,1,0.05,21,1.00,0.87,0.00,0.0,0.321,82.7
RIO,Basic Materials,C,14,0,0.00,14,1.00,0.00,0.00,0.0,0.438,81.6
RIOT,Financial Services,C,4,0,0.00,4,1.00,0.00,0.00,0.0,0.394,78.2
RIVN,Consumer Cyclical,C,6,2,0.33,6,1.00,0.92,0.84,0.0,0.525,75.6
RKLB,Industrials,C,12,2,0.17,12,1.00,0.40,1.17,0.0,0.534,80.4
RL,Consumer Cyclical,C,1,0,0.00,1,1.00,0.00,0.00,0.0,0.436,76.0
RLAY,Healthcare,C,1,0,0.00,1,1.00,0.00,0.00,0.0,0.825,81.5
RMBS,Technology,C,11,0,0.00,11,1.00,0.00,0.00,0.0,0.506,83.4
RNA,Healthcare,C,1,0,0.00,1,1.00,0.00,0.00,0.0,1623.000,75.0
RNG,Technology,C,18,0,0.00,18,1.00,0.00,0.00,0.0,1.169,80.2
RNR,Financial Services,C,1,0,0.00,1,1.00,0.00,0.00,0.0,0.436,129.8
RNST,Financial Services,C,3,0,0.00,3,1.00,0.00,0.00,0.0,6.213,71.3
ROAD,Industrials,C,4,0,0.00,4,1.00,0.00,0.00,0.0,0.916,77.8
ROIV,Healthcare,C,4,0,0.00,4,1.00,0.00,0.00,0.0,3.069,74.6
ROK,Industrials,C,5,0,0.00,5,1.00,0.00,0.00,0.0,0.419,90.3
ROKU,Communication Services,C,8,0,0.00,8,1.00,0.00,0.00,0.0,0.722,90.8
ROL,Consumer Cyclical,C,1,0,0.00,1,1.00,0.00,0.00,0.0,0.281,73.0
ROST,Consumer Cyclical,C,12,0,0.00,12,1.00,0.00,0.00,0.0,0.711,82.9
RPM,Basic Materials,C,4,0,0.00,4,1.00,0.00,0.00,0.0,0.155,80.1
RPRX,Healthcare,C,21,0,0.00,21,1.00,0.00,0.00,0.0,0.184,79.1
RRC,Energy,C,22,0,0.00,22,1.00,0.00,0.00,0.0,0.328,84.6
RRR,Consumer Cyclical,C,3,0,0.00,3,1.00,0.00,0.00,0.0,0.962,80.3
RRX,Industrials,C,11,0,0.00,11,1.00,0.00,0.00,0.0,0.776,80.9
RS,Basic Materials,C,1,0,0.00,1,1.00,0.00,0.00,0.0,6.116,71.0
RSG,Industrials,C,7,0,0.00,7,1.00,0.00,0.00,0.0,0.408,86.3
RSI,Consumer Cyclical,C,22,0,0.00,22,1.00,0.00,0.00,0.0,0.090,82.5
RTO,Industrials,C,14,0,0.00,14,1.00,0.00,0.00,0.0,0.449,80.6
RTX,Industrials,C,18,2,0.11,18,1.00,0.32,0.66,7.5,0.334,79.9
RUN,Energy,C,1,0,0.00,1,1.00,0.00,0.00,0.0,0.389,132.0
RUSHA,Consumer Cyclical,C,3,0,0.00,3,1.00,0.00,0.00,0.0,0.983,75.3
RVMD,Healthcare,C,9,0,0.00,9,1.00,0.00,0.00,0.0,1.128,74.4
RVTY,Healthcare,C,2,0,0.00,2,1.00,0.00,0.00,0.0,0.573,75.2
RXO,Industrials,C,7,0,0.00,7,1.00,0.00,0.00,0.0,4.266,85.5
RY,Financial Services,C,2,0,0.00,2,1.00,0.00,0.00,0.0,0.404,73.0
RYAAY,Industrials,C,1,0,0.00,1,1.00,0.00,0.00,0.0,1.299,81.0
SA,Basic Materials,C,15,0,0.00,15,1.00,0.00,0.00,0.0,0.466,82.8
SAIA,Industrials,C,2,0,0.00,2,1.00,0.00,0.00,0.0,3.668,75.0
SAN,Financial Services,C,6,0,0.00,6,1.00,0.00,0.00,0.0,1.432,85.9
SANM,Technology,C,2,0,0.00,2,1.00,0.00,0.00,0.0,0.607,78.0
SARO,Industrials,C,3,0,0.00,3,1.00,0.00,0.00,0.0,13.692,78.3
SATS,Technology,C,14,0,0.00,14,1.00,0.00,0.00,0.0,0.290,84.3
SBCF,Financial Services,C,1,0,0.00,1,1.00,0.00,0.00,0.0,73.000,75.0
SBLK,Industrials,C,11,0,0.00,11,1.00,0.00,0.00,0.0,0.325,77.3
SBRA,Real Estate,C,18,0,0.00,18,1.00,0.00,0.00,0.0,0.407,79.2
SBS,Utilities,C,16,0,0.00,16,1.00,0.00,0.00,0.0,2.051,81.5
SBSW,Basic Materials,C,13,0,0.00,13,1.00,0.00,0.00,0.0,0.415,77.2
SBUX,Consumer Cyclical,C,13,0,0.00,13,1.00,0.00,0.00,0.0,1.328,81.8
SCCO,Basic Materials,C,16,0,0.00,16,1.00,0.00,0.00,0.0,2.175,79.2
SCHW,Financial Services,C,1,0,0.00,1,1.00,0.00,0.00,0.0,0.494,73.0
SCI,Consumer Cyclical,C,12,0,0.00,12,1.00,0.00,0.00,0.0,0.714,84.3
SDRL,Energy,C,16,0,0.00,16,1.00,0.00,0.00,0.0,0.414,83.5
SEDG,Energy,C,17,0,0.00,17,1.00,0.00,0.00,0.0,0.945,84.4
SEE,Consumer Cyclical,C,14,0,0.00,14,1.00,0.00,0.00,0.0,4.024,80.1
SEI,Energy,C,20,0,0.00,20,1.00,0.00,0.00,0.0,2.653,82.0
SEM,Healthcare,C,9,0,0.00,9,1.00,0.00,0.00,0.0,0.261,77.6
SFD,Consumer Defensive,C,16,0,0.00,16,1.00,0.00,0.00,0.0,0.673,81.0
SFNC,Financial Services,C,8,0,0.00,8,1.00,0.00,0.00,0.0,0.151,75.9
SGHC,Consumer Cyclical,C,2,0,0.00,2,1.00,0.00,0.00,0.0,0.049,80.5
SGI,Consumer Defensive,C,4,0,0.00,4,1.00,0.00,0.00,0.0,0.251,73.9
SHC,Healthcare,C,1,0,0.00,1,1.00,0.00,0.00,0.0,0.192,82.5
SHEL,Energy,C,22,1,0.05,22,1.00,0.24,0.00,0.0,0.147,83.1
SHG,Financial Services,C,1,0,0.00,1,1.00,0.00,0.00,0.0,2.532,76.5
SHW,Basic Materials,C,6,0,0.00,6,1.00,0.00,0.00,0.0,0.382,87.5
SIG,Consumer Cyclical,C,6,0,0.00,6,1.00,0.00,0.00,0.0,0.078,78.8
SIGI,Financial Services,C,1,0,0.00,1,1.00,0.00,0.00,0.0,0.341,84.5
SIMO,Technology,C,6,0,0.00,6,1.00,0.00,0.00,0.0,0.795,81.9
SIRI,Communication Services,C,12,0,0.00,12,1.00,0.00,0.00,0.0,0.638,84.2
SITE,Industrials,C,4,0,0.00,4,1.00,0.00,0.00,0.0,0.754,92.8
SITM,Technology,C,2,0,0.00,2,1.00,0.00,0.00,0.0,0.621,82.2
SJM,Consumer Defensive,C,7,0,0.00,7,1.00,0.00,0.00,0.0,0.826,85.9
SKE,Basic Materials,C,13,0,0.00,13,1.00,0.00,0.00,0.0,0.765,78.6
SKM,Communication Services,C,18,0,0.00,18,1.00,0.00,0.00,0.0,0.450,84.4
SKT,Real Estate,C,8,0,0.00,8,1.00,0.00,0.00,0.0,0.630,75.4
SKY,Consumer Cyclical,C,2,0,0.00,2,1.00,0.00,0.00,0.0,0.340,72.2
SLAB,Technology,C,5,0,0.00,5,1.00,0.00,0.00,0.0,0.867,92.5
SLB,Energy,C,15,0,0.00,15,1.00,0.00,0.00,0.0,0.476,82.0
SLDE,Financial Services,C,16,0,0.00,16,1.00,0.00,0.00,0.0,0.544,80.7
SLF,Financial Services,C,8,0,0.00,8,1.00,0.00,0.00,0.0,0.592,78.6
SLGN,Consumer Cyclical,C,6,0,0.00,6,1.00,0.00,0.00,0.0,0.294,76.7
SM,Energy,C,15,0,0.00,15,1.00,0.00,0.00,0.0,0.201,85.3
SMFG,Financial Services,C,11,0,0.00,11,1.00,0.00,0.00,0.0,0.186,78.2
SMG,Basic Materials,C,8,0,0.00,8,1.00,0.00,0.00,0.0,0.399,78.8
SMTC,Technology,C,16,0,0.00,16,1.00,0.00,0.00,0.0,0.325,77.5
SN,Consumer Cyclical,C,11,0,0.00,11,1.00,0.00,0.00,0.0,0.494,78.4
SNDK,Technology,A,22,21,0.95,22,1.00,0.29,0.81,16.4,0.082,81.5
SNDR,Industrials,C,8,0,0.00,8,1.00,0.00,0.00,0.0,0.658,82.5
SNDX,Healthcare,C,5,0,0.00,5,1.00,0.00,0.00,0.0,1.865,76.6
SNEX,Financial Services,C,4,0,0.00,4,1.00,0.00,0.00,0.0,0.529,92.4
SNN,Healthcare,C,4,0,0.00,4,1.00,0.00,0.00,0.0,2.703,74.5
SNX,Technology,C,5,0,0.00,5,1.00,0.00,0.00,0.0,0.807,87.9
SO,Utilities,C,23,0,0.00,23,1.00,0.00,0.00,0.0,0.397,83.6
SOBO,Energy,C,17,0,0.00,17,1.00,0.00,0.00,0.0,3.354,81.6
SOLS,Basic Materials,C,16,0,0.00,16,1.00,0.00,0.00,0.0,1.077,81.2
SOMN,Utilities,D,4,0,0.00,0,0.00,0.00,0.00,0.0,0.000,93.8
SON,Consumer Cyclical,C,20,0,0.00,20,1.00,0.00,0.00,0.0,0.253,80.9
SPG,Real Estate,C,13,0,0.00,13,1.00,0.00,0.00,0.0,1.156,78.2
SPHR,Communication Services,C,16,0,0.00,16,1.00,0.00,0.00,0.0,1.138,84.6
SPNT,Financial Services,C,6,0,0.00,6,1.00,0.00,0.00,0.0,0.074,88.0
SPXC,Industrials,C,3,0,0.00,3,1.00,0.00,0.00,0.0,0.250,78.5
SQM,Basic Materials,C,16,0,0.00,16,1.00,0.00,0.00,0.0,0.711,82.3
SRE,Utilities,C,20,0,0.00,20,1.00,0.00,0.00,0.0,0.487,79.6
SRPT,Healthcare,C,4,0,0.00,4,1.00,0.00,0.00,0.0,0.230,92.2
SRRK,Healthcare,C,8,0,0.00,8,1.00,0.00,0.00,0.0,0.415,84.7
SSB,Financial Services,C,4,0,0.00,4,1.00,0.00,0.00,0.0,2.097,81.2
SSL,Basic Materials,C,22,0,0.00,22,1.00,0.00,0.00,0.0,0.206,79.2
SSRM,Basic Materials,C,19,0,0.00,19,1.00,0.00,0.00,0.0,0.430,80.1
ST,Technology,C,10,0,0.00,10,1.00,0.00,0.00,0.0,0.351,80.2
STAG,Real Estate,C,9,0,0.00,9,1.00,0.00,0.00,0.0,0.921,77.9
STLD,Basic Materials,C,12,0,0.00,12,1.00,0.00,0.00,0.0,0.650,78.2
STM,Technology,C,15,1,0.07,15,1.00,2.23,0.00,0.0,0.420,81.3
STNE,Technology,C,2,0,0.00,2,1.00,0.00,0.00,0.0,0.256,82.8
STNG,Energy,C,23,0,0.00,23,1.00,0.00,0.00,0.0,0.636,81.1
STOK,Healthcare,C,3,0,0.00,3,1.00,0.00,0.00,0.0,1.167,96.1
STRC,Technology,C,16,2,0.12,16,1.00,2.64,1.23,7.5,2.121,81.7
STRL,Industrials,C,6,0,0.00,6,1.00,0.00,0.00,0.0,0.675,80.0
STT,Financial Services,C,8,0,0.00,8,1.00,0.00,0.00,0.0,0.476,75.6
STX,Technology,C,17,1,0.06,17,1.00,0.50,0.00,0.0,1.226,81.2
STZ,Consumer Defensive,C,6,0,0.00,6,1.00,0.00,0.00,0.0,0.447,89.4
SU,Energy,C,24,0,0.00,24,1.00,0.00,0.00,0.0,0.537,81.2
SUI,Real Estate,C,8,0,0.00,8,1.00,0.00,0.00,0.0,5.048,73.9
SUN,Energy,C,13,0,0.00,13,1.00,0.00,0.00,0.0,1.907,83.7
SUNC,Energy,D,14,0,0.00,0,0.00,0.00,0.00,0.0,0.000,82.4
SUPN,Healthcare,C,9,0,0.00,9,1.00,0.00,0.00,0.0,0.050,81.4
SUZ,Basic Materials,C,10,0,0.00,10,1.00,0.00,0.00,0.0,0.388,75.9
SVM,Basic Materials,C,25,0,0.00,25,1.00,0.00,0.00,0.0,0.292,82.1
SW,Consumer Cyclical,C,9,0,0.00,9,1.00,0.00,0.00,0.0,1.607,85.8
SWK,Industrials,C,4,0,0.00,4,1.00,0.00,0.00,0.0,1.563,89.2
SWX,Utilities,C,1,0,0.00,1,1.00,0.00,0.00,0.0,0.233,80.5
SYF,Financial Services,C,1,0,0.00,1,1.00,0.00,0.00,0.0,0.196,72.0
SYK,Healthcare,C,7,0,0.00,7,1.00,0.00,0.00,0.0,0.690,88.4
SYM,Industrials,C,1,0,0.00,1,1.00,0.00,0.00,0.0,0.305,74.0
SYNA,Technology,C,6,0,0.00,6,1.00,0.00,0.00,0.0,0.364,76.0
SYRE,Healthcare,C,9,0,0.00,9,1.00,0.00,0.00,0.0,20.494,79.4
SYY,Consumer Defensive,C,6,0,0.00,6,1.00,0.00,0.00,0.0,0.817,85.6
T,Communication Services,C,18,0,0.00,18,1.00,0.00,0.00,0.0,0.638,83.5
TAC,Utilities,C,4,0,0.00,4,1.00,0.00,0.00,0.0,0.195,89.0
TAK,Healthcare,C,10,0,0.00,10,1.00,0.00,0.00,0.0,1.571,76.8
TAL,Consumer Defensive,C,7,0,0.00,7,1.00,0.00,0.00,0.0,0.614,86.2
TALO,Energy,C,22,0,0.00,22,1.00,0.00,0.00,0.0,1.096,84.5
TAP,Consumer Defensive,C,3,0,0.00,3,1.00,0.00,0.00,0.0,4.390,82.7
TARS,Healthcare,C,2,0,0.00,2,1.00,0.00,0.00,0.0,3.351,74.0
TBBB,Consumer Defensive,C,4,0,0.00,4,1.00,0.00,0.00,0.0,0.682,75.6
TCBI,Financial Services,C,3,0,0.00,3,1.00,0.00,0.00,0.0,0.830,91.0
TD,Financial Services,C,9,0,0.00,9,1.00,0.00,0.00,0.0,0.527,78.8
TDC,Technology,C,9,0,0.00,9,1.00,0.00,0.00,0.0,0.424,78.3
TDS,Communication Services,C,7,0,0.00,7,1.00,0.00,0.00,0.0,0.054,81.3
TDW,Energy,C,17,0,0.00,17,1.00,0.00,0.00,0.0,0.851,84.3
TECK,Basic Materials,C,19,0,0.00,19,1.00,0.00,0.00,0.0,0.885,77.3
TEL,Technology,C,2,0,0.00,2,1.00,0.00,0.00,0.0,6.919,106.2
TER,Technology,C,21,3,0.14,21,1.00,0.33,0.55,0.0,0.587,83.4
TERN,Healthcare,C,13,0,0.00,13,1.00,0.00,0.00,0.0,0.500,82.8
TEVA,Healthcare,C,6,0,0.00,6,1.00,0.00,0.00,0.0,0.271,87.4
TEX,Industrials,C,7,0,0.00,7,1.00,0.00,0.00,0.0,0.319,85.8
TFC,Financial Services,C,3,0,0.00,3,1.00,0.00,0.00,0.0,0.117,78.5
TFII,Industrials,C,3,0,0.00,3,1.00,0.00,0.00,0.0,3.915,76.5
TFPM,Basic Materials,C,9,0,0.00,9,1.00,0.00,0.00,0.0,0.681,88.3
TFSL,Financial Services,C,6,0,0.00,6,1.00,0.00,0.00,0.0,0.118,74.7
TFX,Healthcare,C,3,0,0.00,3,1.00,0.00,0.00,0.0,1.954,95.4
TGB,Basic Materials,C,10,0,0.00,10,1.00,0.00,0.00,0.0,0.472,87.0
TGNA,Communication Services,C,8,0,0.00,8,1.00,0.00,0.00,0.0,6.406,88.9
TGS,Energy,C,1,0,0.00,1,1.00,0.00,0.00,0.0,7.469,120.0
TGT,Consumer Defensive,C,12,0,0.00,12,1.00,0.00,0.00,0.0,0.710,81.3
TGTX,Healthcare,C,1,0,0.00,1,1.00,0.00,0.00,0.0,0.121,79.5
THC,Healthcare,C,4,0,0.00,4,1.00,0.00,0.00,0.0,0.837,86.9
TIGO,Communication Services,C,16,0,0.00,16,1.00,0.00,0.00,0.0,0.261,83.8
TIMB,Communication Services,C,3,0,0.00,3,1.00,0.00,0.00,0.0,1.402,97.1
TJX,Consumer Cyclical,C,12,2,0.17,12,1.00,0.25,0.00,0.0,1.403,82.2
TKC,Communication Services,C,5,0,0.00,5,1.00,0.00,0.00,0.0,0.047,79.0
TKO,Communication Services,C,9,0,0.00,9,1.00,0.00,0.00,0.0,7.614,88.6
TKR,Industrials,C,8,0,0.00,8,1.00,0.00,0.00,0.0,1.262,85.1
TLK,Communication Services,D,3,0,0.00,0,0.00,0.00,0.00,0.0,0.000,75.2
TLN,Utilities,C,1,0,0.00,1,1.00,0.00,0.00,0.0,2.604,81.0
TM,Consumer Cyclical,C,1,0,0.00,1,1.00,0.00,0.00,0.0,2.000,78.5
TMC,Basic Materials,C,2,0,0.00,2,1.00,0.00,0.00,0.0,0.342,70.0
TMDX,Healthcare,C,6,0,0.00,6,1.00,0.00,0.00,0.0,0.305,89.3
TMHC,Consumer Cyclical,C,6,0,0.00,6,1.00,0.00,0.00,0.0,0.146,78.2
TMO,Healthcare,C,1,0,0.00,1,1.00,0.00,0.00,0.0,0.697,74.5
TNGX,Healthcare,C,5,0,0.00,5,1.00,0.00,0.00,0.0,0.374,76.7
TNK,Energy,C,13,0,0.00,13,1.00,0.00,0.00,0.0,0.714,84.6
TNL,Consumer Cyclical,C,9,0,0.00,9,1.00,0.00,0.00,0.0,0.124,85.2
TOL,Consumer Cyclical,C,3,0,0.00,3,1.00,0.00,0.00,0.0,2.071,73.8
TPC,Industrials,C,7,0,0.00,7,1.00,0.00,0.00,0.0,0.776,76.4
TPH,Consumer Cyclical,C,2,0,0.00,2,1.00,0.00,0.00,0.0,0.412,76.8
TPL,Energy,C,9,0,0.00,9,1.00,0.00,0.00,0.0,0.466,85.4
TPR,Consumer Cyclical,C,11,0,0.00,11,1.00,0.00,0.00,0.0,0.197,81.0
TRGP,Energy,C,23,0,0.00,23,1.00,0.00,0.00,0.0,0.354,82.9
TRMD,Energy,C,19,0,0.00,19,1.00,0.00,0.00,0.0,0.304,86.2
TRMK,Financial Services,C,2,0,0.00,2,1.00,0.00,0.00,0.0,1.527,77.5
TRN,Industrials,C,1,0,0.00,1,1.00,0.00,0.00,0.0,0.093,136.5
TRNO,Real Estate,C,1,0,0.00,1,1.00,0.00,0.00,0.0,1.833,76.0
TRP,Energy,C,21,0,0.00,21,1.00,0.00,0.00,0.0,0.817,82.4
TRV,Financial Services,C,10,0,0.00,10,1.00,0.00,0.00,0.0,1.123,75.5
TS,Energy,C,19,0,0.00,19,1.00,0.00,0.00,0.0,1.083,86.7
TSEM,Technology,C,9,2,0.22,9,1.00,0.35,0.00,0.0,0.790,77.9
TSLA,Consumer Cyclical,C,2,2,1.00,2,1.00,0.12,0.24,0.0,0.383,71.5
TSM,Technology,B,14,10,0.71,14,1.00,0.14,0.77,1.5,1.420,81.8
TSN,Consumer Defensive,C,12,0,0.00,12,1.00,0.00,0.00,0.0,0.644,82.6
TT,Industrials,C,11,0,0.00,11,1.00,0.00,0.00,0.0,0.983,82.5
TTC,Industrials,C,3,0,0.00,3,1.00,0.00,0.00,0.0,2.249,76.2
TTE,Energy,C,23,0,0.00,23,1.00,0.00,0.00,0.0,1.010,81.0
TTEK,Industrials,C,6,0,0.00,6,1.00,0.00,0.00,0.0,0.294,85.5
TTMI,Technology,C,19,0,0.00,19,1.00,0.00,0.00,0.0,1.243,77.2
TVTX,Healthcare,C,3,0,0.00,3,1.00,0.00,0.00,0.0,0.661,77.2
TW,Financial Services,C,15,0,0.00,15,1.00,0.00,0.00,0.0,2.306,78.6
TWLO,Communication Services,C,9,0,0.00,9,1.00,0.00,0.00,0.0,0.962,83.5
TWST,Healthcare,C,21,0,0.00,21,1.00,0.00,0.00,0.0,0.741,82.6
TXG,Healthcare,C,15,0,0.00,15,1.00,0.00,0.00,0.0,0.396,81.6
TXN,Technology,C,9,0,0.00,9,1.00,0.00,0.00,0.0,0.417,84.0
TXNM,Utilities,C,10,1,0.10,10,1.00,12.99,0.00,15.0,0.926,79.0
TXRH,Consumer Cyclical,C,5,0,0.00,5,1.00,0.00,0.00,0.0,0.744,75.4
TXT,Industrials,C,9,0,0.00,9,1.00,0.00,0.00,0.0,0.686,78.6
TYRA,Healthcare,C,6,0,0.00,6,1.00,0.00,0.00,0.0,0.558,88.3
UA,Consumer Cyclical,C,7,0,0.00,7,1.00,0.00,0.00,0.0,0.430,86.2
UAA,Consumer Cyclical,C,9,0,0.00,9,1.00,0.00,0.00,0.0,0.385,87.2
UAL,Industrials,C,4,0,0.00,4,1.00,0.00,0.00,0.0,0.783,79.0
UBS,Financial Services,C,1,0,0.00,1,1.00,0.00,0.00,0.0,0.581,71.5
UBSI,Financial Services,C,3,0,0.00,3,1.00,0.00,0.00,0.0,2.242,74.7
UCB,Financial Services,C,2,0,0.00,2,1.00,0.00,0.00,0.0,1.500,75.2
UCTT,Technology,C,17,0,0.00,17,1.00,0.00,0.00,0.0,0.532,79.4
UE,Real Estate,C,8,0,0.00,8,1.00,0.00,0.00,0.0,0.186,81.6
UEC,Energy,C,17,0,0.00,17,1.00,0.00,0.00,0.0,0.631,81.3
UGI,Utilities,C,7,1,0.14,7,1.00,6.94,0.00,0.0,0.998,77.4
UGP,Energy,C,12,0,0.00,12,1.00,0.00,0.00,0.0,0.212,82.0
UHS,Healthcare,C,1,0,0.00,1,1.00,0.00,0.00,0.0,0.677,74.0
UL,Consumer Defensive,C,6,0,0.00,6,1.00,0.00,0.00,0.0,0.656,88.2
ULS,Industrials,C,10,0,0.00,10,1.00,0.00,0.00,0.0,8.487,81.5
UMBF,Financial Services,C,2,0,0.00,2,1.00,0.00,0.00,0.0,0.794,75.5
UMC,Technology,C,13,0,0.00,13,1.00,0.00,0.00,0.0,0.303,79.2
UNF,Industrials,C,1,0,0.00,1,1.00,0.00,0.00,0.0,0.218,80.5
UNFI,Consumer Defensive,C,14,0,0.00,14,1.00,0.00,0.00,0.0,0.831,81.0
UNIT,Real Estate,C,5,0,0.00,5,1.00,0.00,0.00,0.0,1.109,93.4
UNP,Industrials,C,10,0,0.00,10,1.00,0.00,0.00,0.0,0.246,77.2
UPS,Industrials,C,9,0,0.00,9,1.00,0.00,0.00,0.0,0.462,81.8
USAS,Basic Materials,C,12,0,0.00,12,1.00,0.00,0.00,0.0,0.341,79.1
USB,Financial Services,C,6,0,0.00,6,1.00,0.00,0.00,0.0,1.105,75.5
USFD,Consumer Defensive,C,8,0,0.00,8,1.00,0.00,0.00,0.0,9.027,85.2
UTF,Financial Services,D,1,0,0.00,0,0.00,0.00,0.00,0.0,0.000,78.0
UTHR,Healthcare,C,11,0,0.00,11,1.00,0.00,0.00,0.0,0.902,81.9
UTI,Consumer Defensive,C,7,0,0.00,7,1.00,0.00,0.00,0.0,0.463,86.5
UUUU,Energy,C,14,0,0.00,14,1.00,0.00,0.00,0.0,0.408,78.9
VAC,Consumer Cyclical,C,8,0,0.00,8,1.00,0.00,0.00,0.0,0.510,84.1
VAL,Energy,C,19,0,0.00,19,1.00,0.00,0.00,0.0,0.652,81.6
VALE,Basic Materials,C,8,0,0.00,8,1.00,0.00,0.00,0.0,0.860,80.4
VCTR,Financial Services,C,5,0,0.00,5,1.00,0.00,0.00,0.0,15.646,72.9
VECO,Technology,C,3,0,0.00,3,1.00,0.00,0.00,0.0,0.429,79.5
VERA,Healthcare,C,2,0,0.00,2,1.00,0.00,0.00,0.0,0.229,74.8
VET,Energy,C,8,0,0.00,8,1.00,0.00,0.00,0.0,0.484,85.1
VFC,Consumer Cyclical,C,4,0,0.00,4,1.00,0.00,0.00,0.0,1.798,74.8
VG,Energy,C,19,1,0.05,19,1.00,0.29,0.00,0.0,1.676,84.2
VIAV,Technology,C,24,0,0.00,24,1.00,0.00,0.00,0.0,0.422,81.4
VICR,Technology,C,16,0,0.00,16,1.00,0.00,0.00,0.0,1.242,83.7
VIK,Consumer Cyclical,C,9,1,0.11,9,1.00,0.74,0.00,0.0,3.049,83.8
VIRT,Financial Services,C,19,0,0.00,19,1.00,0.00,0.00,0.0,0.417,80.5
VISN,Technology,C,1,0,0.00,1,1.00,0.00,0.00,0.0,0.212,71.0
VIST,Energy,C,18,0,0.00,18,1.00,0.00,0.00,0.0,0.784,83.6
VIV,Communication Services,C,21,0,0.00,21,1.00,0.00,0.00,0.0,0.657,83.1
VKTX,Healthcare,C,6,0,0.00,6,1.00,0.00,0.00,0.0,0.171,86.0
VLO,Energy,C,23,1,0.04,23,1.00,0.24,0.00,0.0,0.568,80.2
VLY,Financial Services,C,6,0,0.00,6,1.00,0.00,0.00,0.0,1.468,74.8
VMC,Basic Materials,C,7,0,0.00,7,1.00,0.00,0.00,0.0,2.193,77.8
VNET,Technology,C,10,0,0.00,10,1.00,0.00,0.00,0.0,1.091,82.5
VNOM,Energy,C,20,0,0.00,20,1.00,0.00,0.00,0.0,0.902,84.5
VNT,Technology,C,9,0,0.00,9,1.00,0.00,0.00,0.0,0.066,83.2
VOD,Communication Services,C,12,0,0.00,12,1.00,0.00,0.00,0.0,0.853,80.0
VRDN,Healthcare,C,1,0,0.00,1,1.00,0.00,0.00,0.0,0.312,82.0
VRSN,Technology,C,1,0,0.00,1,1.00,0.00,0.00,0.0,0.319,76.0
VRT,Industrials,C,22,5,0.23,22,1.00,0.25,0.88,0.0,0.678,79.0
VRTX,Healthcare,C,10,0,0.00,10,1.00,0.00,0.00,0.0,2.412,81.3
VSAT,Technology,C,21,0,0.00,21,1.00,0.00,0.00,0.0,1.090,81.1
VSCO,Consumer Cyclical,C,7,0,0.00,7,1.00,0.00,0.00,0.0,0.822,78.9
VSEC,Industrials,C,6,0,0.00,6,1.00,0.00,0.00,0.0,0.812,77.7
VSH,Technology,C,19,0,0.00,19,1.00,0.00,0.00,0.0,0.204,78.8
VSNT,Industrials,C,1,0,0.00,1,1.00,0.00,0.00,0.0,0.678,73.0
VTR,Real Estate,C,19,0,0.00,19,1.00,0.00,0.00,0.0,0.196,80.3
VTRS,Healthcare,C,4,0,0.00,4,1.00,0.00,0.00,0.0,1.318,76.1
VVV,Energy,C,7,0,0.00,7,1.00,0.00,0.00,0.0,0.799,89.9
VVX,Industrials,C,6,0,0.00,6,1.00,0.00,0.00,0.0,0.859,79.0
VZ,Communication Services,C,19,0,0.00,19,1.00,0.00,0.00,0.0,0.996,82.5
WAB,Industrials,C,10,0,0.00,10,1.00,0.00,0.00,0.0,0.571,83.6
WAFD,Financial Services,C,1,0,0.00,1,1.00,0.00,0.00,0.0,0.250,73.0
WAL,Financial Services,C,3,0,0.00,3,1.00,0.00,0.00,0.0,0.416,94.2
WBD,Communication Services,C,3,1,0.33,3,1.00,0.27,0.00,0.0,4.207,101.5
WBS,Financial Services,C,12,0,0.00,12,1.00,0.00,0.00,0.0,0.675,81.3
WCC,Industrials,C,5,0,0.00,5,1.00,0.00,0.00,0.0,0.649,84.6
WDC,Technology,C,21,8,0.38,21,1.00,0.39,1.17,5.6,0.751,78.8
WDS,Energy,C,23,1,0.04,23,1.00,1.64,0.00,0.0,0.364,83.1
WEC,Utilities,C,21,0,0.00,21,1.00,0.00,0.00,0.0,0.748,81.5
WELL,Real Estate,C,16,0,0.00,16,1.00,0.00,0.00,0.0,0.964,78.4
WERN,Industrials,C,5,0,0.00,5,1.00,0.00,0.00,0.0,1.043,93.5
WES,Energy,C,22,0,0.00,22,1.00,0.00,0.00,0.0,0.503,80.0
WEX,Technology,C,3,0,0.00,3,1.00,0.00,0.00,0.0,2.256,95.5
WFC,Financial Services,C,2,0,0.00,2,1.00,0.00,0.00,0.0,0.633,74.5
WFRD,Energy,C,16,0,0.00,16,1.00,0.00,0.00,0.0,0.701,77.5
WH,Consumer Cyclical,C,6,1,0.17,6,1.00,4.85,0.00,0.0,0.588,74.7
WHD,Energy,C,11,0,0.00,11,1.00,0.00,0.00,0.0,0.902,78.1
WHR,Consumer Cyclical,C,1,0,0.00,1,1.00,0.00,0.00,0.0,1.758,78.5
WLK,Basic Materials,C,15,0,0.00,15,1.00,0.00,0.00,0.0,2.175,81.6
WM,Industrials,C,15,0,0.00,15,1.00,0.00,0.00,0.0,0.778,78.3
WMB,Energy,C,22,0,0.00,22,1.00,0.00,0.00,0.0,0.296,84.0
WMS,Industrials,C,2,0,0.00,2,1.00,0.00,0.00,0.0,1.838,102.6
WMT,Consumer Defensive,C,16,3,0.19,16,1.00,0.18,0.60,0.0,0.924,81.4
WPC,Real Estate,C,14,0,0.00,14,1.00,0.00,0.00,0.0,0.536,79.0
WPM,Basic Materials,C,14,0,0.00,14,1.00,0.00,0.00,0.0,0.587,79.8
WRB,Financial Services,C,1,0,0.00,1,1.00,0.00,0.00,0.0,0.470,73.0
WRBY,Healthcare,C,8,0,0.00,8,1.00,0.00,0.00,0.0,0.626,84.9
WSBC,Financial Services,C,5,0,0.00,5,1.00,0.00,0.00,0.0,0.547,76.1
WSC,Industrials,C,1,0,0.00,1,1.00,0.00,0.00,0.0,0.424,79.0
WSFS,Financial Services,C,1,0,0.00,1,1.00,0.00,0.00,0.0,0.412,80.5
WSM,Consumer Cyclical,C,8,0,0.00,8,1.00,0.00,0.00,0.0,2.462,75.6
WT,Financial Services,C,16,0,0.00,16,1.00,0.00,0.00,0.0,0.387,79.2
WTRG,Utilities,C,19,0,0.00,19,1.00,0.00,0.00,0.0,0.262,83.0
WU,Financial Services,C,9,0,0.00,9,1.00,0.00,0.00,0.0,0.244,85.2
WULF,Financial Services,C,13,0,0.00,13,1.00,0.00,0.00,0.0,0.484,78.8
WVE,Healthcare,C,2,0,0.00,2,1.00,0.00,0.00,0.0,0.718,74.0
WWD,Industrials,C,9,0,0.00,9,1.00,0.00,0.00,0.0,0.749,78.6
WY,Real Estate,C,1,0,0.00,1,1.00,0.00,0.00,0.0,0.101,76.0
XEL,Utilities,C,18,0,0.00,18,1.00,0.00,0.00,0.0,0.526,78.0
XENE,Healthcare,C,3,0,0.00,3,1.00,0.00,0.00,0.0,3.085,75.8
XOM,Energy,C,20,6,0.30,20,1.00,0.21,0.60,5.0,0.418,85.0
XP,Financial Services,C,16,0,0.00,16,1.00,0.00,0.00,0.0,0.354,78.9
XPO,Industrials,C,13,0,0.00,13,1.00,0.00,0.00,0.0,1.947,81.6
XPRO,Energy,C,9,0,0.00,9,1.00,0.00,0.00,0.0,1.435,88.6
XRAY,Healthcare,C,1,0,0.00,1,1.00,0.00,0.00,0.0,0.426,86.5
YETI,Consumer Cyclical,C,3,0,0.00,3,1.00,0.00,0.00,0.0,0.742,80.0
YOU,Technology,C,13,0,0.00,13,1.00,0.00,0.00,0.0,0.646,83.5
YPF,Energy,C,18,0,0.00,18,1.00,0.00,0.00,0.0,0.378,81.5
YUM,Consumer Cyclical,C,12,0,0.00,12,1.00,0.00,0.00,0.0,0.908,80.5
YUMC,Consumer Cyclical,C,13,0,0.00,13,1.00,0.00,0.00,0.0,0.873,80.1
ZBH,Healthcare,C,2,0,0.00,2,1.00,0.00,0.00,0.0,1.461,80.5
ZETA,Technology,C,7,1,0.14,7,1.00,0.88,0.00,0.0,0.394,87.1
ZGN,Consumer Cyclical,C,3,0,0.00,3,1.00,0.00,0.00,0.0,2.496,74.5
ZIM,Industrials,C,10,0,0.00,10,1.00,0.00,0.00,0.0,0.672,86.0
ZION,Financial Services,C,8,0,0.00,8,1.00,0.00,0.00,0.0,0.373,75.9
ZM,Technology,C,1,0,0.00,1,1.00,0.00,0.00,0.0,0.975,76.0
ZTO,Industrials,C,11,0,0.00,11,1.00,0.00,0.00,0.0,2.456,78.0
ZWS,Industrials,C,3,0,0.00,3,1.00,0.00,0.00,0.0,0.748,76.0
