ticker,sector,days_seen,dp_days,dp_coverage,pcr_days,opt_coverage,avg_dp_pct,avg_block_count,avg_combined_score,composite_score
SNDK,Technology,22,21,0.955,22,1.000,0.29,16.4,81.5,21.00
LITE,Technology,26,21,0.808,26,1.000,0.24,2.9,80.1,21.00
MU,Technology,18,18,1.000,18,1.000,0.28,15.0,80.3,18.00
INTC,Technology,21,16,0.762,21,1.000,0.13,0.0,77.6,16.00
NVDA,Technology,11,11,1.000,11,1.000,0.24,31.4,86.5,11.00
TSM,Technology,14,10,0.714,14,1.000,0.14,1.5,81.8,10.00
AAOI,Technology,20,9,0.450,20,1.000,0.29,0.0,84.2,9.00
WDC,Technology,21,8,0.381,21,1.000,0.39,5.6,78.8,8.00
ASTS,Technology,15,7,0.467,15,1.000,0.21,0.0,84.5,7.00
AMD,Technology,8,7,0.875,8,1.000,0.21,10.7,84.9,7.00
XOM,Energy,20,6,0.300,20,1.000,0.21,5.0,85.0,6.00
NBIS,Communication Services,23,6,0.261,23,1.000,0.20,0.0,80.8,6.00
GOOGL,Technology,9,6,0.667,9,1.000,0.09,2.5,75.3,6.00
CVX,Energy,21,6,0.286,21,1.000,0.14,0.0,83.8,6.00
VRT,Industrials,22,5,0.227,22,1.000,0.25,0.0,79.0,5.00
GLW,Technology,22,5,0.227,22,1.000,0.63,6.0,80.5,5.00
PL,Industrials,18,4,0.222,18,1.000,1.14,3.8,81.0,4.00
LNG,Energy,22,4,0.182,22,1.000,0.17,0.0,84.4,4.00
LMT,Industrials,15,4,0.267,15,1.000,0.55,7.5,83.0,4.00
COHR,Technology,22,4,0.182,22,1.000,0.17,0.0,80.4,4.00
AG,Basic Materials,20,4,0.200,20,1.000,0.30,0.0,78.5,4.00
AEM,Basic Materials,22,4,0.182,22,1.000,0.85,0.0,83.2,4.00
WMT,Consumer Defensive,16,3,0.188,16,1.000,0.18,0.0,81.4,3.00
TER,Technology,21,3,0.143,21,1.000,0.33,0.0,83.4,3.00
NEM,Basic Materials,16,3,0.188,16,1.000,0.30,0.0,80.9,3.00
MRVL,Technology,14,3,0.214,14,1.000,0.12,0.0,85.1,3.00
HL,Basic Materials,16,3,0.188,16,1.000,0.51,0.0,83.5,3.00
GOOG,Technology,9,3,0.333,9,1.000,0.11,0.0,74.5,3.00
GEV,Utilities,24,3,0.125,24,1.000,0.40,5.0,81.9,3.00
FSLY,Technology,20,3,0.150,20,1.000,0.67,0.0,82.4,3.00
DELL,Technology,19,3,0.158,19,1.000,1.20,10.0,87.2,3.00
ASML,Technology,22,3,0.136,22,1.000,0.47,10.0,83.8,3.00
TSEM,Technology,9,2,0.222,9,1.000,0.35,0.0,77.9,2.00
TJX,Consumer Cyclical,12,2,0.167,12,1.000,0.25,0.0,82.2,2.00
STRC,Technology,16,2,0.125,16,1.000,2.64,7.5,81.7,2.00
RTX,Industrials,18,2,0.111,18,1.000,0.32,7.5,79.9,2.00
RKLB,Industrials,12,2,0.167,12,1.000,0.40,0.0,80.4,2.00
RIVN,Consumer Cyclical,6,2,0.333,6,1.000,0.92,0.0,75.6,2.00
PBR,Energy,19,2,0.105,19,1.000,0.60,0.0,83.4,2.00
OXY,Energy,25,2,0.080,25,1.000,0.34,0.0,82.8,2.00
ONTO,Technology,13,2,0.154,13,1.000,0.60,0.0,78.7,2.00
JNJ,Healthcare,19,2,0.105,19,1.000,0.12,0.0,79.2,2.00
C,Financial Services,10,2,0.200,10,1.000,0.43,0.0,81.1,2.00
BTG,Basic Materials,16,2,0.125,16,1.000,0.82,0.0,79.3,2.00
BCRX,Healthcare,5,2,0.400,5,1.000,4.47,0.0,85.5,2.00
AXTI,Technology,10,2,0.200,10,1.000,0.38,0.0,84.7,2.00
AMAT,Technology,18,2,0.111,18,1.000,0.08,0.0,82.2,2.00
ZETA,Technology,7,1,0.143,7,1.000,0.88,0.0,87.1,1.00
WH,Consumer Cyclical,6,1,0.167,6,1.000,4.85,0.0,74.7,1.00
WDS,Energy,23,1,0.043,23,1.000,1.64,0.0,83.1,1.00
VLO,Energy,23,1,0.043,23,1.000,0.24,0.0,80.2,1.00
VIK,Consumer Cyclical,9,1,0.111,9,1.000,0.74,0.0,83.8,1.00
VG,Energy,19,1,0.053,19,1.000,0.29,0.0,84.2,1.00
UGI,Utilities,7,1,0.143,7,1.000,6.94,0.0,77.4,1.00
TXNM,Utilities,10,1,0.100,10,1.000,12.99,15.0,79.0,1.00
STX,Technology,17,1,0.059,17,1.000,0.50,0.0,81.2,1.00
STM,Technology,15,1,0.067,15,1.000,2.23,0.0,81.3,1.00
SHEL,Energy,22,1,0.045,22,1.000,0.24,0.0,83.1,1.00
RIG,Energy,21,1,0.048,21,1.000,0.87,0.0,82.7,1.00
PWR,Industrials,12,1,0.083,12,1.000,1.16,15.0,83.3,1.00
PSX,Energy,22,1,0.045,22,1.000,0.43,0.0,83.1,1.00
PARR,Energy,20,1,0.050,20,1.000,1.26,0.0,84.6,1.00
PAAS,Basic Materials,19,1,0.053,19,1.000,2.73,0.0,85.2,1.00
ONDS,Technology,11,1,0.091,11,1.000,0.30,0.0,80.0,1.00
NOK,Technology,23,1,0.043,23,1.000,0.72,0.0,79.0,1.00
NLY,Real Estate,9,1,0.111,9,1.000,0.84,0.0,76.7,1.00
NEE,Utilities,23,1,0.043,23,1.000,0.70,0.0,80.5,1.00
MRNA,Healthcare,16,1,0.062,16,1.000,0.30,0.0,83.4,1.00
MPLX,Energy,24,1,0.042,24,1.000,10.99,15.0,82.7,1.00
MOD,Consumer Cyclical,20,1,0.050,20,1.000,4.01,0.0,78.5,1.00
MO,Consumer Defensive,17,1,0.059,17,1.000,0.38,0.0,76.5,1.00
LHX,Industrials,18,1,0.056,18,1.000,0.27,0.0,82.9,1.00
KTOS,Industrials,13,1,0.077,13,1.000,0.53,0.0,76.3,1.00
JHX,Basic Materials,5,1,0.200,5,1.000,1.75,0.0,74.3,1.00
JBL,Technology,14,1,0.071,14,1.000,0.40,0.0,82.4,1.00
IBRX,Healthcare,14,1,0.071,14,1.000,1.35,0.0,80.8,1.00
IAG,Basic Materials,18,1,0.056,18,1.000,0.84,0.0,80.0,1.00
HYMC,Basic Materials,9,1,0.111,9,1.000,0.82,0.0,79.5,1.00
HWM,Industrials,17,1,0.059,17,1.000,0.26,0.0,83.6,1.00
FTAI,Industrials,9,1,0.111,9,1.000,0.53,0.0,84.0,1.00
FRO,Energy,22,1,0.045,22,1.000,2.82,0.0,82.7,1.00
FDX,Industrials,11,1,0.091,11,1.000,1.45,0.0,78.7,1.00
FCX,Basic Materials,17,1,0.059,17,1.000,0.43,0.0,82.9,1.00
ET,Energy,23,1,0.043,23,1.000,1.09,0.0,82.9,1.00
EGO,Basic Materials,15,1,0.067,15,1.000,1.39,0.0,80.5,1.00
COST,Consumer Defensive,9,1,0.111,9,1.000,0.25,0.0,79.1,1.00
COP,Energy,25,1,0.040,25,1.000,0.10,0.0,83.2,1.00
CNQ,Energy,20,1,0.050,20,1.000,0.28,0.0,83.7,1.00
CIEN,Technology,19,1,0.053,19,1.000,0.26,0.0,83.8,1.00
CGON,Healthcare,21,1,0.048,21,1.000,12.09,0.0,81.0,1.00
CFG,Financial Services,5,1,0.200,5,1.000,18.90,15.0,86.3,1.00
CF,Basic Materials,25,1,0.040,25,1.000,0.42,0.0,83.0,1.00
CDE,Basic Materials,21,1,0.048,21,1.000,0.69,0.0,81.1,1.00
CCJ,Energy,22,1,0.045,22,1.000,1.16,0.0,81.8,1.00
CAVA,Consumer Cyclical,17,1,0.059,17,1.000,0.84,0.0,82.5,1.00
CAT,Industrials,10,1,0.100,10,1.000,32.41,15.0,78.5,1.00
BE,Industrials,17,1,0.059,17,1.000,0.09,0.0,78.4,1.00
BA,Industrials,8,1,0.125,8,1.000,0.37,0.0,78.1,1.00
ARR,Real Estate,13,1,0.077,13,1.000,67.60,45.0,78.1,1.00
APH,Technology,8,1,0.125,8,1.000,0.21,0.0,77.5,1.00
ANET,Technology,13,1,0.077,13,1.000,0.13,0.0,85.9,1.00
ALGM,Technology,7,1,0.143,7,1.000,2.73,0.0,75.1,1.00
AKAM,Technology,21,1,0.048,21,1.000,0.77,0.0,81.9,1.00
AGX,Industrials,6,1,0.167,6,1.000,0.64,0.0,74.9,1.00
ADI,Technology,18,1,0.056,18,1.000,0.23,0.0,76.4,1.00
AA,Basic Materials,22,1,0.045,22,1.000,1.86,0.0,79.5,1.00
AAPL,Technology,17,3,0.176,5,0.294,0.08,0.0,80.8,0.88
PHYS,Financial Services,9,2,0.222,1,0.111,1.42,0.0,75.5,0.22
ZTO,Industrials,11,0,0.000,11,1.000,0.00,0.0,78.0,0.00
ZION,Financial Services,8,0,0.000,8,1.000,0.00,0.0,75.9,0.00
ZIM,Industrials,10,0,0.000,10,1.000,0.00,0.0,86.0,0.00
YUMC,Consumer Cyclical,13,0,0.000,13,1.000,0.00,0.0,80.1,0.00
YUM,Consumer Cyclical,12,0,0.000,12,1.000,0.00,0.0,80.5,0.00
YPF,Energy,18,0,0.000,18,1.000,0.00,0.0,81.5,0.00
YOU,Technology,13,0,0.000,13,1.000,0.00,0.0,83.5,0.00
XPRO,Energy,9,0,0.000,9,1.000,0.00,0.0,88.6,0.00
XPO,Industrials,13,0,0.000,13,1.000,0.00,0.0,81.6,0.00
XP,Financial Services,16,0,0.000,16,1.000,0.00,0.0,78.9,0.00
XEL,Utilities,18,0,0.000,18,1.000,0.00,0.0,78.0,0.00
WWD,Industrials,9,0,0.000,9,1.000,0.00,0.0,78.6,0.00
WULF,Financial Services,13,0,0.000,13,1.000,0.00,0.0,78.8,0.00
WU,Financial Services,9,0,0.000,9,1.000,0.00,0.0,85.2,0.00
WTRG,Utilities,19,0,0.000,19,1.000,0.00,0.0,83.0,0.00
WT,Financial Services,16,0,0.000,16,1.000,0.00,0.0,79.2,0.00
WSM,Consumer Cyclical,8,0,0.000,8,1.000,0.00,0.0,75.6,0.00
WSBC,Financial Services,5,0,0.000,5,1.000,0.00,0.0,76.1,0.00
WRBY,Healthcare,8,0,0.000,8,1.000,0.00,0.0,84.9,0.00
WPM,Basic Materials,14,0,0.000,14,1.000,0.00,0.0,79.8,0.00
WPC,Real Estate,14,0,0.000,14,1.000,0.00,0.0,79.0,0.00
WMB,Energy,22,0,0.000,22,1.000,0.00,0.0,84.0,0.00
WM,Industrials,15,0,0.000,15,1.000,0.00,0.0,78.3,0.00
WLK,Basic Materials,15,0,0.000,15,1.000,0.00,0.0,81.6,0.00
WHD,Energy,11,0,0.000,11,1.000,0.00,0.0,78.1,0.00
WFRD,Energy,16,0,0.000,16,1.000,0.00,0.0,77.5,0.00
WES,Energy,22,0,0.000,22,1.000,0.00,0.0,80.0,0.00
WERN,Industrials,5,0,0.000,5,1.000,0.00,0.0,93.5,0.00
WELL,Real Estate,16,0,0.000,16,1.000,0.00,0.0,78.4,0.00
WEC,Utilities,21,0,0.000,21,1.000,0.00,0.0,81.5,0.00
WCC,Industrials,5,0,0.000,5,1.000,0.00,0.0,84.6,0.00
WBS,Financial Services,12,0,0.000,12,1.000,0.00,0.0,81.3,0.00
WAB,Industrials,10,0,0.000,10,1.000,0.00,0.0,83.6,0.00
VZ,Communication Services,19,0,0.000,19,1.000,0.00,0.0,82.5,0.00
VVX,Industrials,6,0,0.000,6,1.000,0.00,0.0,79.0,0.00
VVV,Energy,7,0,0.000,7,1.000,0.00,0.0,89.9,0.00
VTR,Real Estate,19,0,0.000,19,1.000,0.00,0.0,80.3,0.00
VSH,Technology,19,0,0.000,19,1.000,0.00,0.0,78.8,0.00
VSEC,Industrials,6,0,0.000,6,1.000,0.00,0.0,77.7,0.00
VSCO,Consumer Cyclical,7,0,0.000,7,1.000,0.00,0.0,78.9,0.00
VSAT,Technology,21,0,0.000,21,1.000,0.00,0.0,81.1,0.00
VRTX,Healthcare,10,0,0.000,10,1.000,0.00,0.0,81.3,0.00
VOD,Communication Services,12,0,0.000,12,1.000,0.00,0.0,80.0,0.00
VNT,Technology,9,0,0.000,9,1.000,0.00,0.0,83.2,0.00
VNOM,Energy,20,0,0.000,20,1.000,0.00,0.0,84.5,0.00
VNET,Technology,10,0,0.000,10,1.000,0.00,0.0,82.5,0.00
VMC,Basic Materials,7,0,0.000,7,1.000,0.00,0.0,77.8,0.00
VLY,Financial Services,6,0,0.000,6,1.000,0.00,0.0,74.8,0.00
VKTX,Healthcare,6,0,0.000,6,1.000,0.00,0.0,86.0,0.00
VIV,Communication Services,21,0,0.000,21,1.000,0.00,0.0,83.1,0.00
VIST,Energy,18,0,0.000,18,1.000,0.00,0.0,83.6,0.00
VIRT,Financial Services,19,0,0.000,19,1.000,0.00,0.0,80.5,0.00
VICR,Technology,16,0,0.000,16,1.000,0.00,0.0,83.7,0.00
VIAV,Technology,24,0,0.000,24,1.000,0.00,0.0,81.4,0.00
VET,Energy,8,0,0.000,8,1.000,0.00,0.0,85.1,0.00
VCTR,Financial Services,5,0,0.000,5,1.000,0.00,0.0,72.9,0.00
VALE,Basic Materials,8,0,0.000,8,1.000,0.00,0.0,80.4,0.00
VAL,Energy,19,0,0.000,19,1.000,0.00,0.0,81.6,0.00
VAC,Consumer Cyclical,8,0,0.000,8,1.000,0.00,0.0,84.1,0.00
UUUU,Energy,14,0,0.000,14,1.000,0.00,0.0,78.9,0.00
UTI,Consumer Defensive,7,0,0.000,7,1.000,0.00,0.0,86.5,0.00
UTHR,Healthcare,11,0,0.000,11,1.000,0.00,0.0,81.9,0.00
USFD,Consumer Defensive,8,0,0.000,8,1.000,0.00,0.0,85.2,0.00
USB,Financial Services,6,0,0.000,6,1.000,0.00,0.0,75.5,0.00
USAS,Basic Materials,12,0,0.000,12,1.000,0.00,0.0,79.1,0.00
UPS,Industrials,9,0,0.000,9,1.000,0.00,0.0,81.8,0.00
UNP,Industrials,10,0,0.000,10,1.000,0.00,0.0,77.2,0.00
UNIT,Real Estate,5,0,0.000,5,1.000,0.00,0.0,93.4,0.00
UNFI,Consumer Defensive,14,0,0.000,14,1.000,0.00,0.0,81.0,0.00
UMC,Technology,13,0,0.000,13,1.000,0.00,0.0,79.2,0.00
ULS,Industrials,10,0,0.000,10,1.000,0.00,0.0,81.5,0.00
UL,Consumer Defensive,6,0,0.000,6,1.000,0.00,0.0,88.2,0.00
UGP,Energy,12,0,0.000,12,1.000,0.00,0.0,82.0,0.00
UEC,Energy,17,0,0.000,17,1.000,0.00,0.0,81.3,0.00
UE,Real Estate,8,0,0.000,8,1.000,0.00,0.0,81.6,0.00
UCTT,Technology,17,0,0.000,17,1.000,0.00,0.0,79.4,0.00
UAA,Consumer Cyclical,9,0,0.000,9,1.000,0.00,0.0,87.2,0.00
UA,Consumer Cyclical,7,0,0.000,7,1.000,0.00,0.0,86.2,0.00
TYRA,Healthcare,6,0,0.000,6,1.000,0.00,0.0,88.3,0.00
TXT,Industrials,9,0,0.000,9,1.000,0.00,0.0,78.6,0.00
TXRH,Consumer Cyclical,5,0,0.000,5,1.000,0.00,0.0,75.4,0.00
TXN,Technology,9,0,0.000,9,1.000,0.00,0.0,84.0,0.00
TXG,Healthcare,15,0,0.000,15,1.000,0.00,0.0,81.6,0.00
TWST,Healthcare,21,0,0.000,21,1.000,0.00,0.0,82.6,0.00
TWLO,Communication Services,9,0,0.000,9,1.000,0.00,0.0,83.5,0.00
TW,Financial Services,15,0,0.000,15,1.000,0.00,0.0,78.6,0.00
TTMI,Technology,19,0,0.000,19,1.000,0.00,0.0,77.2,0.00
TTEK,Industrials,6,0,0.000,6,1.000,0.00,0.0,85.5,0.00
TTE,Energy,23,0,0.000,23,1.000,0.00,0.0,81.0,0.00
TT,Industrials,11,0,0.000,11,1.000,0.00,0.0,82.5,0.00
TSN,Consumer Defensive,12,0,0.000,12,1.000,0.00,0.0,82.6,0.00
TS,Energy,19,0,0.000,19,1.000,0.00,0.0,86.7,0.00
TRV,Financial Services,10,0,0.000,10,1.000,0.00,0.0,75.5,0.00
TRP,Energy,21,0,0.000,21,1.000,0.00,0.0,82.4,0.00
TRMD,Energy,19,0,0.000,19,1.000,0.00,0.0,86.2,0.00
TRGP,Energy,23,0,0.000,23,1.000,0.00,0.0,82.9,0.00
TPR,Consumer Cyclical,11,0,0.000,11,1.000,0.00,0.0,81.0,0.00
TPL,Energy,9,0,0.000,9,1.000,0.00,0.0,85.4,0.00
TPC,Industrials,7,0,0.000,7,1.000,0.00,0.0,76.4,0.00
TNL,Consumer Cyclical,9,0,0.000,9,1.000,0.00,0.0,85.2,0.00
TNK,Energy,13,0,0.000,13,1.000,0.00,0.0,84.6,0.00
TNGX,Healthcare,5,0,0.000,5,1.000,0.00,0.0,76.7,0.00
TMHC,Consumer Cyclical,6,0,0.000,6,1.000,0.00,0.0,78.2,0.00
TMDX,Healthcare,6,0,0.000,6,1.000,0.00,0.0,89.3,0.00
TKR,Industrials,8,0,0.000,8,1.000,0.00,0.0,85.1,0.00
TKO,Communication Services,9,0,0.000,9,1.000,0.00,0.0,88.6,0.00
TKC,Communication Services,5,0,0.000,5,1.000,0.00,0.0,79.0,0.00
TIGO,Communication Services,16,0,0.000,16,1.000,0.00,0.0,83.8,0.00
TGT,Consumer Defensive,12,0,0.000,12,1.000,0.00,0.0,81.3,0.00
TGNA,Communication Services,8,0,0.000,8,1.000,0.00,0.0,88.9,0.00
TGB,Basic Materials,10,0,0.000,10,1.000,0.00,0.0,87.0,0.00
TFSL,Financial Services,6,0,0.000,6,1.000,0.00,0.0,74.7,0.00
TFPM,Basic Materials,9,0,0.000,9,1.000,0.00,0.0,88.3,0.00
TEX,Industrials,7,0,0.000,7,1.000,0.00,0.0,85.8,0.00
TEVA,Healthcare,6,0,0.000,6,1.000,0.00,0.0,87.4,0.00
TERN,Healthcare,13,0,0.000,13,1.000,0.00,0.0,82.8,0.00
TECK,Basic Materials,19,0,0.000,19,1.000,0.00,0.0,77.3,0.00
TDW,Energy,17,0,0.000,17,1.000,0.00,0.0,84.3,0.00
TDS,Communication Services,7,0,0.000,7,1.000,0.00,0.0,81.3,0.00
TDC,Technology,9,0,0.000,9,1.000,0.00,0.0,78.3,0.00
TD,Financial Services,9,0,0.000,9,1.000,0.00,0.0,78.8,0.00
TALO,Energy,22,0,0.000,22,1.000,0.00,0.0,84.5,0.00
TAL,Consumer Defensive,7,0,0.000,7,1.000,0.00,0.0,86.2,0.00
TAK,Healthcare,10,0,0.000,10,1.000,0.00,0.0,76.8,0.00
T,Communication Services,18,0,0.000,18,1.000,0.00,0.0,83.5,0.00
SYY,Consumer Defensive,6,0,0.000,6,1.000,0.00,0.0,85.6,0.00
SYRE,Healthcare,9,0,0.000,9,1.000,0.00,0.0,79.4,0.00
SYNA,Technology,6,0,0.000,6,1.000,0.00,0.0,76.0,0.00
SYK,Healthcare,7,0,0.000,7,1.000,0.00,0.0,88.4,0.00
SW,Consumer Cyclical,9,0,0.000,9,1.000,0.00,0.0,85.8,0.00
SVM,Basic Materials,25,0,0.000,25,1.000,0.00,0.0,82.1,0.00
SUZ,Basic Materials,10,0,0.000,10,1.000,0.00,0.0,75.9,0.00
SUPN,Healthcare,9,0,0.000,9,1.000,0.00,0.0,81.4,0.00
SUNC,Energy,14,0,0.000,0,0.000,0.00,0.0,82.4,0.00
SUN,Energy,13,0,0.000,13,1.000,0.00,0.0,83.7,0.00
SUI,Real Estate,8,0,0.000,8,1.000,0.00,0.0,73.9,0.00
SU,Energy,24,0,0.000,24,1.000,0.00,0.0,81.2,0.00
STZ,Consumer Defensive,6,0,0.000,6,1.000,0.00,0.0,89.4,0.00
STT,Financial Services,8,0,0.000,8,1.000,0.00,0.0,75.6,0.00
STRL,Industrials,6,0,0.000,6,1.000,0.00,0.0,80.0,0.00
STNG,Energy,23,0,0.000,23,1.000,0.00,0.0,81.1,0.00
STLD,Basic Materials,12,0,0.000,12,1.000,0.00,0.0,78.2,0.00
STAG,Real Estate,9,0,0.000,9,1.000,0.00,0.0,77.9,0.00
ST,Technology,10,0,0.000,10,1.000,0.00,0.0,80.2,0.00
SSRM,Basic Materials,19,0,0.000,19,1.000,0.00,0.0,80.1,0.00
SSL,Basic Materials,22,0,0.000,22,1.000,0.00,0.0,79.2,0.00
SRRK,Healthcare,8,0,0.000,8,1.000,0.00,0.0,84.7,0.00
SRE,Utilities,20,0,0.000,20,1.000,0.00,0.0,79.6,0.00
SQM,Basic Materials,16,0,0.000,16,1.000,0.00,0.0,82.3,0.00
SPNT,Financial Services,6,0,0.000,6,1.000,0.00,0.0,88.0,0.00
SPHR,Communication Services,16,0,0.000,16,1.000,0.00,0.0,84.6,0.00
SPG,Real Estate,13,0,0.000,13,1.000,0.00,0.0,78.2,0.00
SON,Consumer Cyclical,20,0,0.000,20,1.000,0.00,0.0,80.9,0.00
SOLS,Basic Materials,16,0,0.000,16,1.000,0.00,0.0,81.2,0.00
SOBO,Energy,17,0,0.000,17,1.000,0.00,0.0,81.6,0.00
SO,Utilities,23,0,0.000,23,1.000,0.00,0.0,83.6,0.00
SNX,Technology,5,0,0.000,5,1.000,0.00,0.0,87.9,0.00
SNDX,Healthcare,5,0,0.000,5,1.000,0.00,0.0,76.6,0.00
SNDR,Industrials,8,0,0.000,8,1.000,0.00,0.0,82.5,0.00
SN,Consumer Cyclical,11,0,0.000,11,1.000,0.00,0.0,78.4,0.00
SMTC,Technology,16,0,0.000,16,1.000,0.00,0.0,77.5,0.00
SMG,Basic Materials,8,0,0.000,8,1.000,0.00,0.0,78.8,0.00
SMFG,Financial Services,11,0,0.000,11,1.000,0.00,0.0,78.2,0.00
SM,Energy,15,0,0.000,15,1.000,0.00,0.0,85.3,0.00
SLGN,Consumer Cyclical,6,0,0.000,6,1.000,0.00,0.0,76.7,0.00
SLF,Financial Services,8,0,0.000,8,1.000,0.00,0.0,78.6,0.00
SLDE,Financial Services,16,0,0.000,16,1.000,0.00,0.0,80.7,0.00
SLB,Energy,15,0,0.000,15,1.000,0.00,0.0,82.0,0.00
SLAB,Technology,5,0,0.000,5,1.000,0.00,0.0,92.5,0.00
SKT,Real Estate,8,0,0.000,8,1.000,0.00,0.0,75.4,0.00
SKM,Communication Services,18,0,0.000,18,1.000,0.00,0.0,84.4,0.00
SKE,Basic Materials,13,0,0.000,13,1.000,0.00,0.0,78.6,0.00
SJM,Consumer Defensive,7,0,0.000,7,1.000,0.00,0.0,85.9,0.00
SIRI,Communication Services,12,0,0.000,12,1.000,0.00,0.0,84.2,0.00
SIMO,Technology,6,0,0.000,6,1.000,0.00,0.0,81.9,0.00
SIG,Consumer Cyclical,6,0,0.000,6,1.000,0.00,0.0,78.8,0.00
SHW,Basic Materials,6,0,0.000,6,1.000,0.00,0.0,87.5,0.00
SFNC,Financial Services,8,0,0.000,8,1.000,0.00,0.0,75.9,0.00
SFD,Consumer Defensive,16,0,0.000,16,1.000,0.00,0.0,81.0,0.00
SEM,Healthcare,9,0,0.000,9,1.000,0.00,0.0,77.6,0.00
SEI,Energy,20,0,0.000,20,1.000,0.00,0.0,82.0,0.00
SEE,Consumer Cyclical,14,0,0.000,14,1.000,0.00,0.0,80.1,0.00
SEDG,Energy,17,0,0.000,17,1.000,0.00,0.0,84.4,0.00
SDRL,Energy,16,0,0.000,16,1.000,0.00,0.0,83.5,0.00
SCI,Consumer Cyclical,12,0,0.000,12,1.000,0.00,0.0,84.3,0.00
SCCO,Basic Materials,16,0,0.000,16,1.000,0.00,0.0,79.2,0.00
SBUX,Consumer Cyclical,13,0,0.000,13,1.000,0.00,0.0,81.8,0.00
SBSW,Basic Materials,13,0,0.000,13,1.000,0.00,0.0,77.2,0.00
SBS,Utilities,16,0,0.000,16,1.000,0.00,0.0,81.5,0.00
SBRA,Real Estate,18,0,0.000,18,1.000,0.00,0.0,79.2,0.00
SBLK,Industrials,11,0,0.000,11,1.000,0.00,0.0,77.3,0.00
SATS,Technology,14,0,0.000,14,1.000,0.00,0.0,84.3,0.00
SAN,Financial Services,6,0,0.000,6,1.000,0.00,0.0,85.9,0.00
SA,Basic Materials,15,0,0.000,15,1.000,0.00,0.0,82.8,0.00
RXO,Industrials,7,0,0.000,7,1.000,0.00,0.0,85.5,0.00
RVMD,Healthcare,9,0,0.000,9,1.000,0.00,0.0,74.4,0.00
RTO,Industrials,14,0,0.000,14,1.000,0.00,0.0,80.6,0.00
RSI,Consumer Cyclical,22,0,0.000,22,1.000,0.00,0.0,82.5,0.00
RSG,Industrials,7,0,0.000,7,1.000,0.00,0.0,86.3,0.00
RRX,Industrials,11,0,0.000,11,1.000,0.00,0.0,80.9,0.00
RRC,Energy,22,0,0.000,22,1.000,0.00,0.0,84.6,0.00
RPRX,Healthcare,21,0,0.000,21,1.000,0.00,0.0,79.1,0.00
ROST,Consumer Cyclical,12,0,0.000,12,1.000,0.00,0.0,82.9,0.00
ROKU,Communication Services,8,0,0.000,8,1.000,0.00,0.0,90.8,0.00
ROK,Industrials,5,0,0.000,5,1.000,0.00,0.0,90.3,0.00
RNG,Technology,18,0,0.000,18,1.000,0.00,0.0,80.2,0.00
RMBS,Technology,11,0,0.000,11,1.000,0.00,0.0,83.4,0.00
RIO,Basic Materials,14,0,0.000,14,1.000,0.00,0.0,81.6,0.00
RGLD,Basic Materials,17,0,0.000,17,1.000,0.00,0.0,82.0,0.00
REZI,Industrials,6,0,0.000,6,1.000,0.00,0.0,72.9,0.00
RELY,Technology,11,0,0.000,11,1.000,0.00,0.0,83.1,0.00
REGN,Healthcare,9,0,0.000,9,1.000,0.00,0.0,86.2,0.00
REG,Real Estate,16,0,0.000,16,1.000,0.00,0.0,78.8,0.00
RDY,Healthcare,9,0,0.000,9,1.000,0.00,0.0,86.9,0.00
RCUS,Healthcare,5,0,0.000,5,1.000,0.00,0.0,76.1,0.00
RCI,Communication Services,16,0,0.000,16,1.000,0.00,0.0,83.6,0.00
QXO,Industrials,5,0,0.000,5,1.000,0.00,0.0,76.6,0.00
QSR,Consumer Cyclical,16,0,0.000,16,1.000,0.00,0.0,82.5,0.00
QMMM,Communication Services,32,0,0.000,0,0.000,0.00,0.0,78.9,0.00
Q,Technology,23,0,0.000,23,1.000,0.00,0.0,78.8,0.00
PTGX,Healthcare,12,0,0.000,12,1.000,0.00,0.0,82.4,0.00
PTEN,Energy,27,0,0.000,27,1.000,0.00,0.0,81.5,0.00
PSLV,Financial Services,6,4,0.667,0,0.000,1.31,0.0,78.8,0.00
PSA,Real Estate,9,0,0.000,9,1.000,0.00,0.0,76.3,0.00
PRIM,Industrials,7,0,0.000,7,1.000,0.00,0.0,84.9,0.00
PRDO,Consumer Defensive,14,0,0.000,14,1.000,0.00,0.0,81.9,0.00
PR,Energy,21,0,0.000,21,1.000,0.00,0.0,83.4,0.00
PPTA,Basic Materials,14,0,0.000,14,1.000,0.00,0.0,79.2,0.00
PPL,Utilities,19,0,0.000,19,1.000,0.00,0.0,83.6,0.00
POWI,Technology,19,0,0.000,19,1.000,0.00,0.0,82.1,0.00
POR,Utilities,17,0,0.000,17,1.000,0.00,0.0,80.4,0.00
PNW,Utilities,14,0,0.000,14,1.000,0.00,0.0,80.0,0.00
PNC,Financial Services,6,0,0.000,6,1.000,0.00,0.0,73.2,0.00
PM,Consumer Defensive,9,0,0.000,9,1.000,0.00,0.0,85.8,0.00
PLD,Real Estate,13,0,0.000,13,1.000,0.00,0.0,79.4,0.00
PLAB,Technology,13,0,0.000,13,1.000,0.00,0.0,81.1,0.00
PKG,Consumer Cyclical,6,0,0.000,6,1.000,0.00,0.0,82.0,0.00
PK,Real Estate,7,0,0.000,7,1.000,0.00,0.0,81.5,0.00
PHM,Consumer Cyclical,8,0,0.000,8,1.000,0.00,0.0,77.9,0.00
PHG,Healthcare,8,0,0.000,8,1.000,0.00,0.0,79.2,0.00
PH,Industrials,7,0,0.000,7,1.000,0.00,0.0,86.2,0.00
PG,Consumer Defensive,8,0,0.000,8,1.000,0.00,0.0,85.9,0.00
PFS,Financial Services,6,0,0.000,6,1.000,0.00,0.0,73.2,0.00
PFE,Healthcare,19,0,0.000,19,1.000,0.00,0.0,80.4,0.00
PEP,Consumer Defensive,13,0,0.000,13,1.000,0.00,0.0,75.9,0.00
PEG,Utilities,13,0,0.000,13,1.000,0.00,0.0,80.5,0.00
PECO,Real Estate,17,0,0.000,17,1.000,0.00,0.0,78.5,0.00
PCVX,Healthcare,11,0,0.000,11,1.000,0.00,0.0,80.7,0.00
PCG,Utilities,20,0,0.000,20,1.000,0.00,0.0,81.0,0.00
PCAR,Industrials,6,0,0.000,6,1.000,0.00,0.0,81.6,0.00
PBF,Energy,17,0,0.000,17,1.000,0.00,0.0,86.8,0.00
PBA,Energy,18,0,0.000,18,1.000,0.00,0.0,80.4,0.00
PAGS,Technology,10,0,0.000,10,1.000,0.00,0.0,84.8,0.00
PAGP,Energy,23,0,0.000,23,1.000,0.00,0.0,78.2,0.00
PACS,Financial Services,5,0,0.000,5,1.000,0.00,0.0,89.0,0.00
PAA,Energy,26,0,0.000,26,1.000,0.00,0.0,85.0,0.00
OVV,Energy,23,0,0.000,23,1.000,0.00,0.0,82.1,0.00
OUT,Real Estate,10,0,0.000,10,1.000,0.00,0.0,81.5,0.00
OTIS,Industrials,5,0,0.000,5,1.000,0.00,0.0,79.1,0.00
OSW,Consumer Cyclical,11,0,0.000,11,1.000,0.00,0.0,75.8,0.00
OSK,Industrials,7,0,0.000,7,1.000,0.00,0.0,79.1,0.00
OS,Technology,18,0,0.000,18,1.000,0.00,0.0,81.1,0.00
ORLA,Basic Materials,17,0,0.000,17,1.000,0.00,0.0,76.6,0.00
ORA,Utilities,6,0,0.000,6,1.000,0.00,0.0,83.8,0.00
OR,Basic Materials,20,0,0.000,20,1.000,0.00,0.0,84.7,0.00
ON,Technology,11,0,0.000,11,1.000,0.00,0.0,74.7,0.00
OMC,Communication Services,12,0,0.000,12,1.000,0.00,0.0,82.2,0.00
OLN,Basic Materials,20,0,0.000,20,1.000,0.00,0.0,81.0,0.00
OKE,Energy,19,0,0.000,19,1.000,0.00,0.0,82.2,0.00
OII,Energy,23,0,0.000,23,1.000,0.00,0.0,82.6,0.00
OHI,Real Estate,10,0,0.000,10,1.000,0.00,0.0,78.3,0.00
OGE,Utilities,16,0,0.000,16,1.000,0.00,0.0,81.3,0.00
ODFL,Industrials,8,0,0.000,8,1.000,0.00,0.0,84.0,0.00
O,Real Estate,13,0,0.000,13,1.000,0.00,0.0,77.8,0.00
NYT,Communication Services,24,0,0.000,24,1.000,0.00,0.0,79.5,0.00
NXT,Technology,17,0,0.000,17,1.000,0.00,0.0,80.3,0.00
NXPI,Technology,5,0,0.000,5,1.000,0.00,0.0,77.3,0.00
NXE,Energy,18,0,0.000,18,1.000,0.00,0.0,81.6,0.00
NWE,Utilities,8,0,0.000,8,1.000,0.00,0.0,83.7,0.00
NVTS,Technology,12,0,0.000,12,1.000,0.00,0.0,84.3,0.00
NVT,Industrials,18,0,0.000,18,1.000,0.00,0.0,77.9,0.00
NVST,Healthcare,7,0,0.000,7,1.000,0.00,0.0,87.9,0.00
NVS,Healthcare,10,0,0.000,10,1.000,0.00,0.0,79.1,0.00
NUE,Basic Materials,11,0,0.000,11,1.000,0.00,0.0,75.0,0.00
NTR,Basic Materials,25,0,0.000,25,1.000,0.00,0.0,82.2,0.00
NTCT,Technology,12,0,0.000,12,1.000,0.00,0.0,78.4,0.00
NSC,Industrials,9,0,0.000,9,1.000,0.00,0.0,84.0,0.00
NSA,Real Estate,13,0,0.000,13,1.000,0.00,0.0,80.4,0.00
NRG,Utilities,6,0,0.000,6,1.000,0.00,0.0,77.3,0.00
NOV,Energy,26,0,0.000,26,1.000,0.00,0.0,82.0,0.00
NOG,Energy,20,0,0.000,20,1.000,0.00,0.0,84.3,0.00
NOC,Industrials,10,0,0.000,10,1.000,0.00,0.0,81.1,0.00
NNN,Real Estate,11,0,0.000,11,1.000,0.00,0.0,78.3,0.00
NN,Communication Services,15,0,0.000,15,1.000,0.00,0.0,83.9,0.00
NMR,Financial Services,7,0,0.000,7,1.000,0.00,0.0,75.7,0.00
NIO,Consumer Cyclical,14,0,0.000,14,1.000,0.00,0.0,81.5,0.00
NI,Utilities,22,0,0.000,22,1.000,0.00,0.0,82.7,0.00
NGG,Utilities,14,0,0.000,14,1.000,0.00,0.0,79.2,0.00
NGD,Basic Materials,11,0,0.000,11,1.000,0.00,0.0,85.2,0.00
NG,Basic Materials,13,0,0.000,13,1.000,0.00,0.0,82.1,0.00
NFG,Energy,18,0,0.000,18,1.000,0.00,0.0,87.4,0.00
NET,Technology,10,0,0.000,10,1.000,0.00,0.0,83.0,0.00
NESR,Energy,20,0,0.000,17,0.850,0.00,0.0,82.3,0.00
NEOG,Healthcare,7,0,0.000,7,1.000,0.00,0.0,76.9,0.00
NE,Energy,23,0,0.000,23,1.000,0.00,0.0,85.9,0.00
NATL,Technology,9,0,0.000,9,1.000,0.00,0.0,81.2,0.00
MWA,Industrials,11,0,0.000,11,1.000,0.00,0.0,82.8,0.00
MUR,Energy,23,0,0.000,23,1.000,0.00,0.0,83.6,0.00
MUFG,Financial Services,9,0,0.000,9,1.000,0.00,0.0,73.8,0.00
MTZ,Industrials,16,0,0.000,16,1.000,0.00,0.0,81.5,0.00
MTSI,Technology,14,0,0.000,14,1.000,0.00,0.0,77.5,0.00
MTDR,Energy,17,0,0.000,17,1.000,0.00,0.0,80.1,0.00
MTB,Financial Services,7,0,0.000,7,1.000,0.00,0.0,74.3,0.00
MT,Basic Materials,13,0,0.000,13,1.000,0.00,0.0,77.3,0.00
MSM,Industrials,7,0,0.000,7,1.000,0.00,0.0,86.6,0.00
MSI,Technology,16,0,0.000,16,1.000,0.00,0.0,81.7,0.00
MRK,Healthcare,13,0,0.000,13,1.000,0.00,0.0,79.9,0.00
MPC,Energy,20,0,0.000,20,1.000,0.00,0.0,84.1,0.00
MP,Basic Materials,7,0,0.000,7,1.000,0.00,0.0,87.7,0.00
MLM,Basic Materials,5,0,0.000,5,1.000,0.00,0.0,78.7,0.00
MLI,Industrials,5,0,0.000,5,1.000,0.00,0.0,90.5,0.00
MKSI,Technology,18,0,0.000,18,1.000,0.00,0.0,81.2,0.00
MIRM,Healthcare,6,0,0.000,6,1.000,0.00,0.0,77.4,0.00
MGY,Energy,24,0,0.000,24,1.000,0.00,0.0,81.8,0.00
MGM,Consumer Cyclical,17,0,0.000,17,1.000,0.00,0.0,76.9,0.00
MGA,Consumer Cyclical,6,0,0.000,6,1.000,0.00,0.0,85.1,0.00
MFG,Financial Services,7,0,0.000,7,1.000,0.00,0.0,76.2,0.00
MEOH,Basic Materials,18,0,0.000,18,1.000,0.00,0.0,82.3,0.00
MDU,Industrials,12,0,0.000,12,1.000,0.00,0.0,80.5,0.00
MCW,Consumer Cyclical,10,0,0.000,10,1.000,0.00,0.0,74.6,0.00
MCK,Healthcare,5,0,0.000,5,1.000,0.00,0.0,88.4,0.00
MCHP,Technology,6,0,0.000,6,1.000,0.00,0.0,75.0,0.00
MCD,Consumer Cyclical,12,0,0.000,12,1.000,0.00,0.0,82.6,0.00
MASI,Healthcare,8,0,0.000,8,1.000,0.00,0.0,75.0,0.00
MAR,Consumer Cyclical,7,0,0.000,7,1.000,0.00,0.0,83.6,0.00
MAC,Real Estate,12,0,0.000,12,1.000,0.00,0.0,85.6,0.00
LYV,Communication Services,14,0,0.000,14,1.000,0.00,0.0,81.8,0.00
LYG,Financial Services,7,0,0.000,7,1.000,0.00,0.0,73.4,0.00
LYB,Basic Materials,19,0,0.000,19,1.000,0.00,0.0,80.7,0.00
LUNR,Industrials,17,0,0.000,17,1.000,0.00,0.0,84.5,0.00
LSCC,Technology,21,0,0.000,21,1.000,0.00,0.0,79.2,0.00
LRCX,Technology,15,0,0.000,15,1.000,0.00,0.0,77.9,0.00
LQDA,Healthcare,7,0,0.000,7,1.000,0.00,0.0,84.6,0.00
LNTH,Healthcare,10,0,0.000,10,1.000,0.00,0.0,76.3,0.00
LNT,Utilities,20,0,0.000,20,1.000,0.00,0.0,81.8,0.00
LIVN,Healthcare,8,0,0.000,8,1.000,0.00,0.0,82.7,0.00
LION,Communication Services,15,0,0.000,15,1.000,0.00,0.0,84.7,0.00
LINE,Real Estate,6,0,0.000,6,1.000,0.00,0.0,87.0,0.00
LIN,Basic Materials,17,0,0.000,17,1.000,0.00,0.0,80.4,0.00
LH,Healthcare,5,0,0.000,5,1.000,0.00,0.0,84.7,0.00
LGN,Industrials,20,0,0.000,20,1.000,0.00,0.0,80.2,0.00
LBTYK,Communication Services,18,0,0.000,18,1.000,0.00,0.0,81.4,0.00
LBRT,Energy,16,0,0.000,16,1.000,0.00,0.0,79.8,0.00
LB,Energy,7,0,0.000,7,1.000,0.00,0.0,87.1,0.00
LAUR,Consumer Defensive,10,0,0.000,10,1.000,0.00,0.0,85.8,0.00
LASR,Technology,18,0,0.000,18,1.000,0.00,0.0,81.6,0.00
LAMR,Real Estate,7,0,0.000,7,1.000,0.00,0.0,87.5,0.00
KYMR,Healthcare,7,0,0.000,7,1.000,0.00,0.0,74.5,0.00
KT,Communication Services,10,0,0.000,10,1.000,0.00,0.0,85.1,0.00
KRMN,Industrials,15,0,0.000,15,1.000,0.00,0.0,79.6,0.00
KRG,Real Estate,10,0,0.000,10,1.000,0.00,0.0,76.5,0.00
KR,Consumer Defensive,12,0,0.000,12,1.000,0.00,0.0,82.1,0.00
KO,Consumer Defensive,16,0,0.000,16,1.000,0.00,0.0,79.5,0.00
KNX,Industrials,8,0,0.000,8,1.000,0.00,0.0,87.2,0.00
KNTK,Energy,22,0,0.000,22,1.000,0.00,0.0,85.3,0.00
KNSA,Healthcare,14,0,0.000,14,1.000,0.00,0.0,83.6,0.00
KMT,Industrials,13,0,0.000,13,1.000,0.00,0.0,82.2,0.00
KMI,Energy,26,0,0.000,26,1.000,0.00,0.0,83.7,0.00
KLIC,Technology,15,0,0.000,15,1.000,0.00,0.0,82.4,0.00
KLAC,Technology,14,0,0.000,14,1.000,0.00,0.0,77.9,0.00
KIM,Real Estate,15,0,0.000,15,1.000,0.00,0.0,76.7,0.00
KGS,Energy,21,0,0.000,21,1.000,0.00,0.0,83.2,0.00
KGC,Basic Materials,21,0,0.000,21,1.000,0.00,0.0,79.2,0.00
KEYS,Technology,16,0,0.000,16,1.000,0.00,0.0,81.0,0.00
KEY,Financial Services,7,0,0.000,7,1.000,0.00,0.0,77.1,0.00
KEX,Industrials,9,0,0.000,9,1.000,0.00,0.0,86.2,0.00
KEP,Utilities,5,0,0.000,5,1.000,0.00,0.0,79.8,0.00
KC,Technology,8,0,0.000,8,1.000,0.00,0.0,73.2,0.00
JHG,Financial Services,23,0,0.000,23,1.000,0.00,0.0,76.9,0.00
JCI,Industrials,12,0,0.000,12,1.000,0.00,0.0,80.6,0.00
JBS,Consumer Defensive,17,0,0.000,17,1.000,0.00,0.0,80.9,0.00
JBLU,Industrials,6,0,0.000,6,1.000,0.00,0.0,78.6,0.00
JBHT,Industrials,9,0,0.000,9,1.000,0.00,0.0,82.0,0.00
JAZZ,Healthcare,11,0,0.000,11,1.000,0.00,0.0,79.5,0.00
ITW,Industrials,9,0,0.000,9,1.000,0.00,0.0,83.1,0.00
ITT,Industrials,8,0,0.000,8,1.000,0.00,0.0,83.9,0.00
IRM,Real Estate,12,0,0.000,12,1.000,0.00,0.0,79.9,0.00
IRDM,Communication Services,20,0,0.000,20,1.000,0.00,0.0,84.0,0.00
IR,Industrials,7,0,0.000,7,1.000,0.00,0.0,86.2,0.00
IPGP,Technology,7,0,0.000,7,1.000,0.00,0.0,85.1,0.00
INTR,Financial Services,8,0,0.000,8,1.000,0.00,0.0,85.6,0.00
INSW,Energy,11,0,0.000,11,1.000,0.00,0.0,84.0,0.00
INGM,Technology,12,0,0.000,12,1.000,0.00,0.0,81.6,0.00
IMVT,Healthcare,6,0,0.000,6,1.000,0.00,0.0,86.9,0.00
IMO,Energy,18,0,0.000,18,1.000,0.00,0.0,80.8,0.00
IMAX,Communication Services,12,0,0.000,12,1.000,0.00,0.0,84.9,0.00
ILMN,Healthcare,5,0,0.000,5,1.000,0.00,0.0,83.9,0.00
IHS,Communication Services,19,0,0.000,19,1.000,0.00,0.0,83.1,0.00
IFF,Basic Materials,8,0,0.000,8,1.000,0.00,0.0,80.2,0.00
IE,Technology,5,0,0.000,5,1.000,0.00,0.0,76.0,0.00
IBKR,Financial Services,7,0,0.000,7,1.000,0.00,0.0,79.1,0.00
IAC,Technology,16,0,0.000,16,1.000,0.00,0.0,84.0,0.00
HXL,Industrials,14,0,0.000,14,1.000,0.00,0.0,82.5,0.00
HUT,Financial Services,7,0,0.000,7,1.000,0.00,0.0,73.6,0.00
HUN,Basic Materials,12,0,0.000,12,1.000,0.00,0.0,83.7,0.00
HTO,Utilities,7,0,0.000,7,1.000,0.00,0.0,85.1,0.00
HSY,Consumer Defensive,8,0,0.000,8,1.000,0.00,0.0,86.9,0.00
HST,Real Estate,12,0,0.000,12,1.000,0.00,0.0,79.0,0.00
HSBC,Financial Services,10,0,0.000,10,1.000,0.00,0.0,79.9,0.00
HSAI,Consumer Cyclical,6,0,0.000,6,1.000,0.00,0.0,79.8,0.00
HR,Real Estate,13,0,0.000,13,1.000,0.00,0.0,80.6,0.00
HPE,Technology,5,0,0.000,5,1.000,0.00,0.0,86.8,0.00
HP,Energy,22,0,0.000,22,1.000,0.00,0.0,84.7,0.00
HON,Industrials,11,0,0.000,11,1.000,0.00,0.0,79.5,0.00
HOLX,Healthcare,11,0,0.000,11,1.000,0.00,0.0,73.1,0.00
HMY,Basic Materials,6,0,0.000,6,1.000,0.00,0.0,78.4,0.00
HLT,Consumer Cyclical,13,0,0.000,13,1.000,0.00,0.0,81.1,0.00
HLN,Healthcare,5,0,0.000,5,1.000,0.00,0.0,85.9,0.00
HII,Industrials,5,0,0.000,5,1.000,0.00,0.0,82.5,0.00
HIG,Financial Services,11,0,0.000,11,1.000,0.00,0.0,77.5,0.00
HESM,Energy,23,0,0.000,23,1.000,0.00,0.0,82.7,0.00
HE,Utilities,8,0,0.000,8,1.000,0.00,0.0,75.4,0.00
HCC,Energy,14,0,0.000,14,1.000,0.00,0.0,84.6,0.00
HCA,Healthcare,13,0,0.000,13,1.000,0.00,0.0,77.6,0.00
HBM,Basic Materials,14,0,0.000,14,1.000,0.00,0.0,82.9,0.00
HASI,Financial Services,11,0,0.000,11,1.000,0.00,0.0,76.9,0.00
HAS,Consumer Cyclical,12,0,0.000,12,1.000,0.00,0.0,78.6,0.00
HAL,Energy,19,0,0.000,19,1.000,0.00,0.0,84.1,0.00
HAFN,Industrials,13,0,0.000,13,1.000,0.00,0.0,80.5,0.00
H,Consumer Cyclical,5,0,0.000,5,1.000,0.00,0.0,79.7,0.00
GXO,Industrials,7,0,0.000,7,1.000,0.00,0.0,82.4,0.00
GTX,Consumer Cyclical,16,0,0.000,16,1.000,0.00,0.0,83.8,0.00
GTLS,Industrials,5,0,0.000,5,1.000,0.00,0.0,74.7,0.00
GSK,Healthcare,9,0,0.000,9,1.000,0.00,0.0,84.2,0.00
GSAT,Communication Services,8,0,0.000,8,1.000,0.00,0.0,86.3,0.00
GRMN,Technology,14,0,0.000,14,1.000,0.00,0.0,85.0,0.00
GRDN,Healthcare,7,0,0.000,7,1.000,0.00,0.0,86.9,0.00
GNRC,Industrials,12,0,0.000,12,1.000,0.00,0.0,82.0,0.00
GNL,Real Estate,12,0,0.000,12,1.000,0.00,0.0,78.6,0.00
GMED,Healthcare,8,0,0.000,8,1.000,0.00,0.0,81.0,0.00
GME,Consumer Cyclical,10,0,0.000,10,1.000,0.00,0.0,85.5,0.00
GLPI,Real Estate,10,0,0.000,10,1.000,0.00,0.0,79.7,0.00
GLNG,Energy,11,0,0.000,11,1.000,0.00,0.0,82.9,0.00
GILD,Healthcare,10,0,0.000,10,1.000,0.00,0.0,82.6,0.00
GGG,Industrials,7,0,0.000,7,1.000,0.00,0.0,86.6,0.00
GFS,Technology,21,0,0.000,21,1.000,0.00,0.0,82.0,0.00
GFI,Basic Materials,17,0,0.000,17,1.000,0.00,0.0,84.0,0.00
GE,Industrials,13,0,0.000,13,1.000,0.00,0.0,82.7,0.00
GDS,Technology,9,0,0.000,9,1.000,0.00,0.0,76.7,0.00
GD,Industrials,13,0,0.000,13,1.000,0.00,0.0,82.5,0.00
FULT,Financial Services,8,0,0.000,8,1.000,0.00,0.0,75.9,0.00
FTV,Technology,12,0,0.000,12,1.000,0.00,0.0,82.9,0.00
FTS,Utilities,17,0,0.000,17,1.000,0.00,0.0,79.9,0.00
FTI,Energy,25,0,0.000,25,1.000,0.00,0.0,82.4,0.00
FTDR,Consumer Cyclical,6,0,0.000,6,1.000,0.00,0.0,82.0,0.00
FSM,Basic Materials,16,0,0.000,16,1.000,0.00,0.0,81.6,0.00
FRT,Real Estate,9,0,0.000,9,1.000,0.00,0.0,76.5,0.00
FRPT,Consumer Defensive,8,0,0.000,8,1.000,0.00,0.0,85.8,0.00
FR,Real Estate,16,0,0.000,16,1.000,0.00,0.0,82.1,0.00
FORM,Technology,20,0,0.000,20,1.000,0.00,0.0,81.4,0.00
FOLD,Healthcare,10,0,0.000,10,1.000,0.00,0.0,82.0,0.00
FNV,Basic Materials,8,0,0.000,8,1.000,0.00,0.0,79.2,0.00
FNB,Financial Services,7,0,0.000,7,1.000,0.00,0.0,83.2,0.00
FN,Technology,14,0,0.000,14,1.000,0.00,0.0,80.1,0.00
FLS,Industrials,8,0,0.000,8,1.000,0.00,0.0,83.5,0.00
FLR,Industrials,12,0,0.000,12,1.000,0.00,0.0,80.7,0.00
FLG,Financial Services,8,0,0.000,8,1.000,0.00,0.0,75.3,0.00
FLEX,Technology,14,0,0.000,14,1.000,0.00,0.0,76.8,0.00
FIVE,Consumer Cyclical,16,0,0.000,16,1.000,0.00,0.0,79.8,0.00
FIGS,Consumer Cyclical,14,0,0.000,14,1.000,0.00,0.0,82.0,0.00
FHN,Financial Services,6,0,0.000,6,1.000,0.00,0.0,88.5,0.00
FHI,Financial Services,19,0,0.000,19,1.000,0.00,0.0,80.2,0.00
FFBC,Financial Services,6,0,0.000,6,1.000,0.00,0.0,72.2,0.00
FERG,Industrials,7,0,0.000,7,1.000,0.00,0.0,79.1,0.00
FER,Industrials,6,0,0.000,6,1.000,0.00,0.0,76.4,0.00
FE,Utilities,20,0,0.000,20,1.000,0.00,0.0,84.8,0.00
FCFS,Financial Services,5,0,0.000,5,1.000,0.00,0.0,77.7,0.00
FBP,Financial Services,8,0,0.000,8,1.000,0.00,0.0,81.7,0.00
FAST,Industrials,16,0,0.000,16,1.000,0.00,0.0,78.3,0.00
FANG,Energy,21,0,0.000,21,1.000,0.00,0.0,80.6,0.00
FAF,Financial Services,13,0,0.000,13,1.000,0.00,0.0,81.0,0.00
EYE,Consumer Cyclical,6,0,0.000,6,1.000,0.00,0.0,85.4,0.00
EXR,Real Estate,7,0,0.000,7,1.000,0.00,0.0,88.1,0.00
EXK,Basic Materials,15,0,0.000,15,1.000,0.00,0.0,80.1,0.00
EXEL,Healthcare,9,0,0.000,9,1.000,0.00,0.0,85.4,0.00
EXE,Energy,12,0,0.000,12,1.000,0.00,0.0,84.4,0.00
EXC,Utilities,20,0,0.000,20,1.000,0.00,0.0,80.8,0.00
EXAS,Healthcare,9,0,0.000,9,1.000,0.00,0.0,81.6,0.00
EWTX,Healthcare,12,0,0.000,12,1.000,0.00,0.0,77.0,0.00
EW,Healthcare,9,0,0.000,9,1.000,0.00,0.0,83.3,0.00
EVRG,Utilities,21,0,0.000,21,1.000,0.00,0.0,81.7,0.00
ETR,Utilities,20,0,0.000,20,1.000,0.00,0.0,81.9,0.00
ETN,Industrials,12,0,0.000,12,1.000,0.00,0.0,84.7,0.00
ESI,Basic Materials,16,0,0.000,16,1.000,0.00,0.0,77.4,0.00
ES,Utilities,21,0,0.000,21,1.000,0.00,0.0,83.7,0.00
ERO,Basic Materials,9,0,0.000,9,1.000,0.00,0.0,78.9,0.00
ERIC,Technology,19,0,0.000,19,1.000,0.00,0.0,81.5,0.00
ERAS,Healthcare,16,0,0.000,16,1.000,0.00,0.0,80.8,0.00
EQX,Basic Materials,17,0,0.000,17,1.000,0.00,0.0,80.2,0.00
EQT,Energy,24,0,0.000,24,1.000,0.00,0.0,83.8,0.00
EQNR,Energy,24,0,0.000,24,1.000,0.00,0.0,84.0,0.00
EQIX,Real Estate,15,0,0.000,15,1.000,0.00,0.0,76.4,0.00
EPRT,Real Estate,14,0,0.000,14,1.000,0.00,0.0,77.2,0.00
EPR,Real Estate,7,0,0.000,7,1.000,0.00,0.0,78.4,0.00
EPD,Energy,21,0,0.000,21,1.000,0.00,0.0,82.3,0.00
EOG,Energy,18,0,0.000,18,1.000,0.00,0.0,80.1,0.00
ENTG,Technology,11,0,0.000,11,1.000,0.00,0.0,74.5,0.00
ENPH,Energy,18,0,0.000,18,1.000,0.00,0.0,84.6,0.00
ENB,Energy,23,0,0.000,23,1.000,0.00,0.0,86.9,0.00
EMR,Industrials,9,0,0.000,9,1.000,0.00,0.0,79.4,0.00
EMN,Basic Materials,13,0,0.000,13,1.000,0.00,0.0,82.8,0.00
ELS,Real Estate,15,0,0.000,15,1.000,0.00,0.0,80.5,0.00
ELAN,Healthcare,7,0,0.000,7,1.000,0.00,0.0,86.8,0.00
EL,Consumer Defensive,6,0,0.000,6,1.000,0.00,0.0,79.1,0.00
EIX,Utilities,22,0,0.000,22,1.000,0.00,0.0,82.4,0.00
EFXT,Energy,5,0,0.000,5,1.000,0.00,0.0,83.2,0.00
EDU,Consumer Defensive,7,0,0.000,7,1.000,0.00,0.0,75.2,0.00
ED,Utilities,21,0,0.000,21,1.000,0.00,0.0,80.2,0.00
ECL,Basic Materials,8,0,0.000,8,1.000,0.00,0.0,76.8,0.00
ECG,Industrials,7,0,0.000,7,1.000,0.00,0.0,76.6,0.00
EC,Energy,21,0,0.000,21,1.000,0.00,0.0,84.1,0.00
EBAY,Consumer Cyclical,11,0,0.000,11,1.000,0.00,0.0,82.7,0.00
EA,Communication Services,7,0,0.000,7,1.000,0.00,0.0,74.2,0.00
E,Energy,12,0,0.000,12,1.000,0.00,0.0,84.2,0.00
DVN,Energy,21,0,0.000,21,1.000,0.00,0.0,84.0,0.00
DVA,Healthcare,12,0,0.000,12,1.000,0.00,0.0,75.0,0.00
DUK,Utilities,22,0,0.000,22,1.000,0.00,0.0,81.4,0.00
DTM,Energy,19,0,0.000,19,1.000,0.00,0.0,85.8,0.00
DTE,Utilities,24,0,0.000,24,1.000,0.00,0.0,82.3,0.00
DRS,Industrials,20,0,0.000,20,1.000,0.00,0.0,82.0,0.00
DRI,Consumer Cyclical,8,0,0.000,8,1.000,0.00,0.0,82.3,0.00
DRH,Real Estate,5,0,0.000,5,1.000,0.00,0.0,77.1,0.00
DOW,Basic Materials,18,0,0.000,18,1.000,0.00,0.0,78.7,0.00
DOV,Industrials,6,0,0.000,6,1.000,0.00,0.0,83.1,0.00
DOCN,Technology,16,0,0.000,16,1.000,0.00,0.0,79.8,0.00
DNLI,Healthcare,11,0,0.000,11,1.000,0.00,0.0,77.1,0.00
DLR,Real Estate,20,0,0.000,20,1.000,0.00,0.0,79.8,0.00
DK,Energy,21,0,0.000,21,1.000,0.00,0.0,83.7,0.00
DINO,Energy,17,0,0.000,17,1.000,0.00,0.0,85.9,0.00
DHT,Energy,23,0,0.000,23,1.000,0.00,0.0,81.7,0.00
DG,Consumer Defensive,7,0,0.000,7,1.000,0.00,0.0,77.4,0.00
DECK,Consumer Cyclical,5,0,0.000,5,1.000,0.00,0.0,76.4,0.00
DE,Industrials,10,0,0.000,10,1.000,0.00,0.0,81.7,0.00
DD,Basic Materials,11,0,0.000,11,1.000,0.00,0.0,78.0,0.00
DBRG,Real Estate,12,0,0.000,12,1.000,0.00,0.0,80.8,0.00
DAVE,Technology,5,0,0.000,5,1.000,0.00,0.0,90.0,0.00
DAR,Consumer Defensive,16,0,0.000,16,1.000,0.00,0.0,80.2,0.00
DAN,Consumer Cyclical,21,0,0.000,21,1.000,0.00,0.0,78.4,0.00
DAL,Industrials,7,0,0.000,7,1.000,0.00,0.0,75.3,0.00
D,Utilities,21,0,0.000,21,1.000,0.00,0.0,80.2,0.00
CZR,Consumer Cyclical,11,0,0.000,11,1.000,0.00,0.0,83.2,0.00
CYTK,Healthcare,10,0,0.000,10,1.000,0.00,0.0,74.2,0.00
CXW,Real Estate,7,0,0.000,7,1.000,0.00,0.0,82.6,0.00
CX,Basic Materials,9,0,0.000,9,1.000,0.00,0.0,77.7,0.00
CWEN,Utilities,17,0,0.000,17,1.000,0.00,0.0,81.5,0.00
CWAN,Technology,6,0,0.000,6,1.000,0.00,0.0,75.9,0.00
CVI,Energy,10,0,0.000,10,1.000,0.00,0.0,87.1,0.00
CVE,Energy,22,0,0.000,22,1.000,0.00,0.0,81.8,0.00
CURB,Real Estate,7,0,0.000,7,1.000,0.00,0.0,75.9,0.00
CUBE,Real Estate,7,0,0.000,7,1.000,0.00,0.0,76.4,0.00
CTVA,Basic Materials,24,0,0.000,24,1.000,0.00,0.0,80.9,0.00
CTRI,Utilities,20,0,0.000,20,1.000,0.00,0.0,81.8,0.00
CTRE,Real Estate,17,0,0.000,17,1.000,0.00,0.0,79.0,0.00
CTRA,Energy,17,0,0.000,17,1.000,0.00,0.0,84.1,0.00
CSX,Industrials,14,0,0.000,14,1.000,0.00,0.0,79.1,0.00
CSTM,Basic Materials,18,0,0.000,18,1.000,0.00,0.0,80.8,0.00
CSCO,Technology,15,0,0.000,15,1.000,0.00,0.0,81.4,0.00
CRUS,Technology,9,0,0.000,9,1.000,0.00,0.0,83.6,0.00
CRSP,Healthcare,8,0,0.000,8,1.000,0.00,0.0,82.9,0.00
CRS,Industrials,12,0,0.000,12,1.000,0.00,0.0,81.5,0.00
CRK,Energy,7,0,0.000,7,1.000,0.00,0.0,92.4,0.00
CRGY,Energy,17,0,0.000,17,1.000,0.00,0.0,83.1,0.00
CRC,Energy,15,0,0.000,15,1.000,0.00,0.0,87.7,0.00
CPRX,Healthcare,14,0,0.000,14,1.000,0.00,0.0,81.2,0.00
CPAY,Technology,9,0,0.000,9,1.000,0.00,0.0,83.1,0.00
CP,Industrials,10,0,0.000,10,1.000,0.00,0.0,80.4,0.00
CORZ,Technology,5,0,0.000,5,1.000,0.00,0.0,79.0,0.00
COR,Healthcare,7,0,0.000,7,1.000,0.00,0.0,87.3,0.00
CON,Healthcare,11,0,0.000,11,1.000,0.00,0.0,80.5,0.00
COMM,Technology,10,0,0.000,10,1.000,0.00,0.0,84.4,0.00
COGT,Healthcare,6,0,0.000,6,1.000,0.00,0.0,83.2,0.00
COCO,Consumer Defensive,12,0,0.000,12,1.000,0.00,0.0,82.4,0.00
CNX,Energy,24,0,0.000,24,1.000,0.00,0.0,83.0,0.00
CNR,Energy,16,0,0.000,16,1.000,0.00,0.0,90.3,0.00
CNP,Utilities,21,0,0.000,21,1.000,0.00,0.0,79.4,0.00
CNK,Communication Services,11,0,0.000,11,1.000,0.00,0.0,84.1,0.00
CNI,Industrials,14,0,0.000,14,1.000,0.00,0.0,78.6,0.00
CNC,Healthcare,9,0,0.000,9,1.000,0.00,0.0,86.4,0.00
CMS,Utilities,21,0,0.000,21,1.000,0.00,0.0,82.0,0.00
CMI,Industrials,9,0,0.000,9,1.000,0.00,0.0,85.8,0.00
CME,Financial Services,15,0,0.000,15,1.000,0.00,0.0,79.8,0.00
CMBT,Industrials,10,0,0.000,10,1.000,0.00,0.0,84.2,0.00
CM,Financial Services,8,0,0.000,8,1.000,0.00,0.0,74.2,0.00
CLX,Consumer Defensive,6,0,0.000,6,1.000,0.00,0.0,78.4,0.00
CLS,Technology,9,0,0.000,9,1.000,0.00,0.0,84.7,0.00
CLMT,Energy,19,0,0.000,19,1.000,0.00,0.0,86.8,0.00
CLH,Industrials,7,0,0.000,7,1.000,0.00,0.0,77.0,0.00
CLDX,Healthcare,5,0,0.000,5,1.000,0.00,0.0,76.0,0.00
CL,Consumer Defensive,7,0,0.000,7,1.000,0.00,0.0,87.9,0.00
CINF,Financial Services,9,0,0.000,9,1.000,0.00,0.0,82.6,0.00
CHRW,Industrials,12,0,0.000,12,1.000,0.00,0.0,78.6,0.00
CHRD,Energy,20,0,0.000,20,1.000,0.00,0.0,83.8,0.00
CHD,Consumer Defensive,12,0,0.000,12,1.000,0.00,0.0,83.2,0.00
CGNX,Technology,18,0,0.000,18,1.000,0.00,0.0,77.2,0.00
CGAU,Basic Materials,19,0,0.000,19,1.000,0.00,0.0,82.0,0.00
CFLT,Technology,19,0,0.000,11,0.579,0.00,0.0,81.2,0.00
CENX,Basic Materials,14,0,0.000,14,1.000,0.00,0.0,80.5,0.00
CELC,Healthcare,10,0,0.000,10,1.000,0.00,0.0,82.6,0.00
CEF,Financial Services,7,0,0.000,0,0.000,0.00,0.0,73.6,0.00
CECO,Industrials,5,0,0.000,5,1.000,0.00,0.0,86.8,0.00
CE,Basic Materials,17,0,0.000,17,1.000,0.00,0.0,81.0,0.00
CDP,Real Estate,8,0,0.000,8,1.000,0.00,0.0,78.5,0.00
CCL,Consumer Cyclical,5,0,0.000,5,1.000,0.00,0.0,84.2,0.00
CCK,Consumer Cyclical,11,0,0.000,11,1.000,0.00,0.0,80.7,0.00
CCEP,Consumer Defensive,13,0,0.000,13,1.000,0.00,0.0,82.7,0.00
CC,Basic Materials,18,0,0.000,18,1.000,0.00,0.0,81.9,0.00
CB,Financial Services,11,0,0.000,11,1.000,0.00,0.0,81.5,0.00
CASY,Consumer Cyclical,5,0,0.000,5,1.000,0.00,0.0,90.8,0.00
CAMT,Technology,11,0,0.000,11,1.000,0.00,0.0,84.3,0.00
CAKE,Consumer Cyclical,12,0,0.000,12,1.000,0.00,0.0,84.1,0.00
CAH,Healthcare,8,0,0.000,8,1.000,0.00,0.0,83.9,0.00
CAE,Industrials,7,0,0.000,7,1.000,0.00,0.0,74.7,0.00
BYD,Consumer Cyclical,8,0,0.000,8,1.000,0.00,0.0,80.0,0.00
BWXT,Industrials,18,0,0.000,18,1.000,0.00,0.0,84.1,0.00
BWA,Consumer Cyclical,10,0,0.000,10,1.000,0.00,0.0,81.9,0.00
BVN,Basic Materials,16,0,0.000,16,1.000,0.00,0.0,82.3,0.00
BUSE,Financial Services,5,0,0.000,5,1.000,0.00,0.0,77.8,0.00
BURL,Consumer Cyclical,11,0,0.000,11,1.000,0.00,0.0,81.1,0.00
BTU,Energy,21,0,0.000,21,1.000,0.00,0.0,87.5,0.00
BTSG,Healthcare,15,0,0.000,15,1.000,0.00,0.0,82.0,0.00
BTI,Consumer Defensive,14,0,0.000,14,1.000,0.00,0.0,82.9,0.00
BSM,Energy,6,0,0.000,6,1.000,0.00,0.0,89.0,0.00
BSBR,Financial Services,5,0,0.000,5,1.000,0.00,0.0,77.6,0.00
BRX,Real Estate,10,0,0.000,10,1.000,0.00,0.0,77.5,0.00
BPOP,Financial Services,6,0,0.000,6,1.000,0.00,0.0,74.2,0.00
BP,Energy,22,0,0.000,22,1.000,0.00,0.0,85.4,0.00
BNS,Financial Services,5,0,0.000,5,1.000,0.00,0.0,86.0,0.00
BNL,Real Estate,17,0,0.000,17,1.000,0.00,0.0,76.5,0.00
BMY,Healthcare,22,0,0.000,22,1.000,0.00,0.0,81.0,0.00
BMRN,Healthcare,9,0,0.000,9,1.000,0.00,0.0,83.0,0.00
BMO,Financial Services,7,0,0.000,7,1.000,0.00,0.0,79.0,0.00
BKV,Energy,14,0,0.000,14,1.000,0.00,0.0,81.2,0.00
BKU,Financial Services,5,0,0.000,5,1.000,0.00,0.0,77.0,0.00
BKR,Energy,23,0,0.000,23,1.000,0.00,0.0,80.8,0.00
BKH,Utilities,14,0,0.000,14,1.000,0.00,0.0,80.8,0.00
BKD,Healthcare,13,0,0.000,13,1.000,0.00,0.0,81.1,0.00
BK,Financial Services,13,0,0.000,13,1.000,0.00,0.0,78.8,0.00
BIPC,Utilities,6,0,0.000,6,1.000,0.00,0.0,86.9,0.00
BIP,Utilities,18,0,0.000,18,1.000,0.00,0.0,80.7,0.00
BIIB,Healthcare,12,0,0.000,12,1.000,0.00,0.0,81.8,0.00
BHP,Basic Materials,10,0,0.000,10,1.000,0.00,0.0,76.9,0.00
BGC,Financial Services,21,0,0.000,21,1.000,0.00,0.0,85.0,0.00
BG,Consumer Defensive,18,0,0.000,18,1.000,0.00,0.0,80.1,0.00
BFH,Financial Services,7,0,0.000,7,1.000,0.00,0.0,83.7,0.00
BEPC,Utilities,12,0,0.000,12,1.000,0.00,0.0,78.9,0.00
BEP,Utilities,15,0,0.000,15,1.000,0.00,0.0,82.8,0.00
BEN,Financial Services,10,0,0.000,10,1.000,0.00,0.0,81.8,0.00
BEAM,Healthcare,8,0,0.000,8,1.000,0.00,0.0,86.6,0.00
BCE,Communication Services,16,0,0.000,16,1.000,0.00,0.0,83.0,0.00
BBT,Financial Services,17,0,0.000,17,1.000,0.00,0.0,79.3,0.00
BALL,Consumer Cyclical,7,0,0.000,7,1.000,0.00,0.0,75.5,0.00
B,Basic Materials,17,0,0.000,17,1.000,0.00,0.0,80.5,0.00
AZN,Healthcare,13,0,0.000,13,1.000,0.00,0.0,80.4,0.00
AXSM,Healthcare,7,0,0.000,7,1.000,0.00,0.0,79.7,0.00
AXIA,Utilities,16,0,0.000,0,0.000,0.00,0.0,81.4,0.00
AWK,Utilities,12,0,0.000,12,1.000,0.00,0.0,86.8,0.00
AVT,Technology,19,0,0.000,19,1.000,0.00,0.0,79.8,0.00
AUGO,Basic Materials,5,0,0.000,5,1.000,0.00,0.0,79.0,0.00
AU,Basic Materials,18,0,0.000,18,1.000,0.00,0.0,78.5,0.00
ATRO,Industrials,10,0,0.000,10,1.000,0.00,0.0,86.3,0.00
ATO,Utilities,18,0,0.000,18,1.000,0.00,0.0,82.6,0.00
ATMU,Industrials,9,0,0.000,9,1.000,0.00,0.0,86.1,0.00
ATI,Industrials,11,0,0.000,11,1.000,0.00,0.0,82.6,0.00
ATAT,Consumer Cyclical,7,0,0.000,7,1.000,0.00,0.0,75.1,0.00
ASX,Technology,22,0,0.000,22,1.000,0.00,0.0,80.2,0.00
ASO,Consumer Cyclical,13,0,0.000,13,1.000,0.00,0.0,81.5,0.00
ASND,Healthcare,13,0,0.000,13,1.000,0.00,0.0,79.2,0.00
ASB,Financial Services,10,0,0.000,10,1.000,0.00,0.0,79.0,0.00
AROC,Energy,23,0,0.000,23,1.000,0.00,0.0,83.7,0.00
ARMN,Basic Materials,13,0,0.000,13,1.000,0.00,0.0,85.2,0.00
ARMK,Industrials,18,0,0.000,18,1.000,0.00,0.0,78.4,0.00
ARLP,Energy,5,0,0.000,5,1.000,0.00,0.0,83.4,0.00
AR,Energy,17,0,0.000,17,1.000,0.00,0.0,83.2,0.00
AQN,Utilities,14,0,0.000,14,1.000,0.00,0.0,80.0,0.00
APLE,Real Estate,7,0,0.000,7,1.000,0.00,0.0,75.4,0.00
APLD,Technology,9,0,0.000,9,1.000,0.00,0.0,77.9,0.00
APGE,Healthcare,10,0,0.000,10,1.000,0.00,0.0,74.2,0.00
APD,Basic Materials,14,0,0.000,14,1.000,0.00,0.0,80.4,0.00
APA,Energy,18,0,0.000,18,1.000,0.00,0.0,85.9,0.00
AOS,Industrials,5,0,0.000,5,1.000,0.00,0.0,90.0,0.00
AMX,Communication Services,15,0,0.000,15,1.000,0.00,0.0,87.5,0.00
AMTM,Industrials,8,0,0.000,8,1.000,0.00,0.0,76.8,0.00
AMRZ,Basic Materials,13,0,0.000,13,1.000,0.00,0.0,78.3,0.00
AMRX,Healthcare,5,0,0.000,5,1.000,0.00,0.0,76.2,0.00
AMPX,Industrials,7,0,0.000,7,1.000,0.00,0.0,76.1,0.00
AMKR,Technology,13,0,0.000,13,1.000,0.00,0.0,79.8,0.00
AMGN,Healthcare,12,0,0.000,12,1.000,0.00,0.0,79.5,0.00
AME,Industrials,9,0,0.000,9,1.000,0.00,0.0,81.4,0.00
AM,Energy,26,0,0.000,26,1.000,0.00,0.0,83.4,0.00
ALSN,Consumer Cyclical,7,0,0.000,7,1.000,0.00,0.0,72.6,0.00
ALMS,Healthcare,12,0,0.000,12,1.000,0.00,0.0,82.6,0.00
ALM,Basic Materials,20,0,0.000,20,1.000,0.00,0.0,76.5,0.00
ALL,Financial Services,16,0,0.000,16,1.000,0.00,0.0,79.3,0.00
ALGN,Healthcare,9,0,0.000,9,1.000,0.00,0.0,82.2,0.00
ALC,Healthcare,8,0,0.000,8,1.000,0.00,0.0,83.8,0.00
ALB,Basic Materials,16,0,0.000,16,1.000,0.00,0.0,80.7,0.00
AL,Industrials,17,0,0.000,17,1.000,0.00,0.0,80.0,0.00
AKR,Real Estate,13,0,0.000,13,1.000,0.00,0.0,80.0,0.00
AHR,Real Estate,10,0,0.000,10,1.000,0.00,0.0,77.7,0.00
AGRO,Consumer Defensive,9,0,0.000,9,1.000,0.00,0.0,82.7,0.00
AGI,Basic Materials,20,0,0.000,20,1.000,0.00,0.0,80.5,0.00
AFL,Financial Services,5,0,0.000,5,1.000,0.00,0.0,75.8,0.00
AER,Industrials,9,0,0.000,9,1.000,0.00,0.0,83.0,0.00
AEP,Utilities,23,0,0.000,23,1.000,0.00,0.0,80.2,0.00
AEIS,Industrials,8,0,0.000,8,1.000,0.00,0.0,84.9,0.00
AEE,Utilities,19,0,0.000,19,1.000,0.00,0.0,82.2,0.00
ADM,Consumer Defensive,14,0,0.000,14,1.000,0.00,0.0,81.6,0.00
ADEA,Technology,19,0,0.000,19,1.000,0.00,0.0,83.6,0.00
ADC,Real Estate,17,0,0.000,17,1.000,0.00,0.0,79.3,0.00
ACMR,Technology,7,0,0.000,7,1.000,0.00,0.0,77.7,0.00
ACLX,Healthcare,7,0,0.000,7,1.000,0.00,0.0,73.4,0.00
ACLS,Technology,8,0,0.000,8,1.000,0.00,0.0,75.1,0.00
ACHC,Healthcare,7,0,0.000,7,1.000,0.00,0.0,82.2,0.00
ACGL,Financial Services,13,0,0.000,13,1.000,0.00,0.0,75.5,0.00
ABVX,Healthcare,7,0,0.000,7,1.000,0.00,0.0,76.8,0.00
ABNB,Consumer Cyclical,11,0,0.000,11,1.000,0.00,0.0,81.9,0.00
ABBV,Healthcare,9,0,0.000,9,1.000,0.00,0.0,78.4,0.00
AAP,Consumer Cyclical,9,0,0.000,9,1.000,0.00,0.0,83.9,0.00
